split_protocol,ablation,dataset,task_type,metric_name,n_seeds,seeds,mean_test_metric,std_test_metric,mean_best_val_metric,per_seed_metrics,config_source,zero_phys_branch,distill_weight,cross_distill_weight,ih_rank,ih_num_prototypes,use_fingerprint,fp_stage,ih_block_proj,mean_test_mae,mean_test_r2
label_aware_scaffold,a1,bace,classification,roc_auc,10,"[0, 1, 2, 3, 4, 5, 6, 7, 8, 42]",0.8453,0.0171,0.8843,"[0.8427, 0.8402, 0.824, 0.8325, 0.8673, 0.8509, 0.8792, 0.8502, 0.8337, 0.8325]",optuna_tuned,True,0.0011950712075118732,0.05,64.0,4.0,,,,,
label_aware_scaffold,a1,bbbp,classification,roc_auc,10,"[0, 1, 2, 3, 4, 5, 6, 7, 8, 42]",0.9452,0.0077,0.9278,"[0.9485, 0.9499, 0.9398, 0.9465, 0.9384, 0.9591, 0.9305, 0.9442, 0.9474, 0.9481]",optuna_tuned,True,0.00171889612665269,0.05,32.0,4.0,,,,,
label_aware_scaffold,a1,sider,classification,roc_auc,2,"[0, 42]",0.649,0.0013,0.645,"[0.6499, 0.6481]",optuna_tuned,True,0.018853289942275565,0.1,32.0,4.0,,,,,
label_aware_scaffold,a1_a2,bace,classification,roc_auc,10,"[0, 1, 2, 3, 4, 5, 6, 7, 8, 42]",0.8385,0.0145,0.8847,"[0.8319, 0.852, 0.8034, 0.8316, 0.8521, 0.8354, 0.8455, 0.8397, 0.8434, 0.85]",optuna_tuned,True,0.0011950712075118732,0.0,64.0,4.0,,,,,
label_aware_scaffold,a1_a2,bbbp,classification,roc_auc,10,"[0, 1, 2, 3, 4, 5, 6, 7, 8, 42]",0.9426,0.0197,0.9287,"[0.957, 0.9558, 0.9491, 0.9341, 0.9639, 0.9247, 0.9488, 0.9537, 0.8971, 0.9416]",optuna_tuned,True,0.00171889612665269,0.0,32.0,4.0,,,,,
label_aware_scaffold,a1_a2_a4,bace,classification,roc_auc,10,"[0, 1, 2, 3, 4, 5, 6, 7, 8, 42]",0.8424,0.0164,0.8888,"[0.8115, 0.8574, 0.8207, 0.859, 0.8448, 0.8493, 0.8405, 0.8588, 0.8502, 0.8316]",optuna_tuned,True,0.0011950712075118732,0.0,64.0,0.0,,,,,
label_aware_scaffold,a1_a2_a4,bbbp,classification,roc_auc,10,"[0, 1, 2, 3, 4, 5, 6, 7, 8, 42]",0.9414,0.0163,0.9246,"[0.9435, 0.9353, 0.9338, 0.9436, 0.927, 0.9557, 0.9601, 0.907, 0.9497, 0.9579]",optuna_tuned,True,0.00171889612665269,0.0,32.0,0.0,,,,,
label_aware_scaffold,a1_a4,bace,classification,roc_auc,10,"[0, 1, 2, 3, 4, 5, 6, 7, 8, 42]",0.8456,0.0147,0.8874,"[0.8186, 0.859, 0.8347, 0.827, 0.8483, 0.8623, 0.8486, 0.8434, 0.8581, 0.8564]",optuna_tuned,True,0.0011950712075118732,0.05,64.0,0.0,,,,,
label_aware_scaffold,a1_a4,bbbp,classification,roc_auc,10,"[0, 1, 2, 3, 4, 5, 6, 7, 8, 42]",0.9349,0.0177,0.9236,"[0.9429, 0.9308, 0.9319, 0.932, 0.9636, 0.9413, 0.9563, 0.9218, 0.9007, 0.9282]",optuna_tuned,True,0.00171889612665269,0.05,32.0,0.0,,,,,
label_aware_scaffold,a1_no_phys,bace,classification,roc_auc,5,"[0, 1, 2, 3, 42]",0.8419,0.0102,0.8937,"[0.8551, 0.8492, 0.8335, 0.8407, 0.8312]",optuna_tuned,True,0.0011950712075118732,0.05,64.0,4.0,,,,,
label_aware_scaffold,a1_no_phys,bbbp,classification,roc_auc,5,"[0, 1, 2, 3, 42]",0.9476,0.0094,0.9194,"[0.9392, 0.9625, 0.9496, 0.9401, 0.9465]",optuna_tuned,True,0.00171889612665269,0.05,32.0,4.0,,,,,
label_aware_scaffold,a1_no_phys,clintox,classification,roc_auc,5,"[0, 1, 2, 3, 42]",0.9394,0.0258,0.9198,"[0.9551, 0.9536, 0.9221, 0.9634, 0.9029]",optuna_tuned,True,0.008679022613626963,0.02,16.0,16.0,,,,,
label_aware_scaffold,a1_no_phys,sider,classification,roc_auc,5,"[0, 1, 2, 3, 42]",0.6422,0.0105,0.643,"[0.6487, 0.6505, 0.6331, 0.6286, 0.6502]",optuna_tuned,True,0.018853289942275565,0.1,32.0,4.0,,,,,
label_aware_scaffold,a1_no_phys,tox21,classification,roc_auc,5,"[0, 1, 2, 3, 42]",0.7861,0.0041,0.8025,"[0.782, 0.7857, 0.7829, 0.7876, 0.7922]",optuna_tuned,True,0.04596991406126452,0.05,32.0,8.0,,,,,
label_aware_scaffold,a2,bace,classification,roc_auc,10,"[0, 1, 2, 3, 4, 5, 6, 7, 8, 42]",0.8581,0.0156,0.8893,"[0.8727, 0.8597, 0.8606, 0.8555, 0.8175, 0.8662, 0.8528, 0.8627, 0.8615, 0.8715]",optuna_tuned,False,0.0011950712075118732,0.0,64.0,4.0,,,,,
label_aware_scaffold,a2,bbbp,classification,roc_auc,10,"[0, 1, 2, 3, 4, 5, 6, 7, 8, 42]",0.9624,0.0117,0.95,"[0.9615, 0.9413, 0.9612, 0.9597, 0.9704, 0.9691, 0.9755, 0.9714, 0.9436, 0.9703]",optuna_tuned,False,0.00171889612665269,0.0,32.0,4.0,,,,,
label_aware_scaffold,a2_a4,bace,classification,roc_auc,10,"[0, 1, 2, 3, 4, 5, 6, 7, 8, 42]",0.8404,0.0133,0.8791,"[0.8449, 0.8673, 0.8284, 0.8426, 0.8194, 0.8384, 0.852, 0.836, 0.831, 0.8444]",optuna_tuned,False,0.0011950712075118732,0.0,64.0,0.0,,,,,
label_aware_scaffold,a2_a4,bbbp,classification,roc_auc,10,"[0, 1, 2, 3, 4, 5, 6, 7, 8, 42]",0.9575,0.0144,0.9459,"[0.9423, 0.9722, 0.9655, 0.97, 0.9448, 0.9436, 0.964, 0.9706, 0.9674, 0.9343]",optuna_tuned,False,0.00171889612665269,0.0,32.0,0.0,,,,,
label_aware_scaffold,a2_no_infonce,bace,classification,roc_auc,5,"[0, 1, 2, 3, 42]",0.8629,0.0174,0.8846,"[0.8762, 0.8636, 0.871, 0.8328, 0.8711]",optuna_tuned,False,0.0011950712075118732,0.0,64.0,4.0,,,,,
label_aware_scaffold,a2_no_infonce,bbbp,classification,roc_auc,5,"[0, 1, 2, 3, 42]",0.9625,0.014,0.957,"[0.9653, 0.9419, 0.9758, 0.9737, 0.9558]",optuna_tuned,False,0.00171889612665269,0.0,32.0,4.0,,,,,
label_aware_scaffold,a2_no_infonce,clintox,classification,roc_auc,5,"[0, 1, 2, 3, 42]",0.9196,0.0167,0.9524,"[0.9145, 0.8986, 0.9127, 0.9413, 0.9312]",optuna_tuned,False,0.008679022613626963,0.0,16.0,16.0,,,,,
label_aware_scaffold,a2_no_infonce,sider,classification,roc_auc,5,"[0, 1, 2, 3, 42]",0.6569,0.0222,0.6627,"[0.6262, 0.6657, 0.6637, 0.6445, 0.6845]",optuna_tuned,False,0.018853289942275565,0.0,32.0,4.0,,,,,
label_aware_scaffold,a2_no_infonce,tox21,classification,roc_auc,5,"[0, 1, 2, 3, 42]",0.8077,0.003,0.8261,"[0.8085, 0.8125, 0.8056, 0.8052, 0.8066]",optuna_tuned,False,0.04596991406126452,0.0,32.0,8.0,,,,,
label_aware_scaffold,a3_no_mse_kd,bace,classification,roc_auc,5,"[0, 1, 2, 3, 42]",0.858,0.0083,0.8854,"[0.8486, 0.8657, 0.8586, 0.8666, 0.8504]",optuna_tuned,False,0.0,0.05,64.0,4.0,,,,,
label_aware_scaffold,a3_no_mse_kd,bbbp,classification,roc_auc,5,"[0, 1, 2, 3, 42]",0.9595,0.0061,0.9515,"[0.9651, 0.9497, 0.9639, 0.9585, 0.9601]",optuna_tuned,False,0.0,0.05,32.0,4.0,,,,,
label_aware_scaffold,a3_no_mse_kd,clintox,classification,roc_auc,5,"[0, 1, 2, 3, 42]",0.9386,0.0128,0.9611,"[0.9511, 0.938, 0.9181, 0.9475, 0.938]",optuna_tuned,False,0.0,0.02,16.0,16.0,,,,,
label_aware_scaffold,a3_no_mse_kd,sider,classification,roc_auc,5,"[0, 1, 2, 3, 42]",0.6538,0.0088,0.6603,"[0.651, 0.6593, 0.6467, 0.6663, 0.6456]",optuna_tuned,False,0.0,0.1,32.0,4.0,,,,,
label_aware_scaffold,a3_no_mse_kd,tox21,classification,roc_auc,5,"[0, 1, 2, 3, 42]",0.8118,0.0022,0.823,"[0.8097, 0.8091, 0.8131, 0.8137, 0.8134]",optuna_tuned,False,0.0,0.05,32.0,8.0,,,,,
label_aware_scaffold,a4,bace,classification,roc_auc,10,"[0, 1, 2, 3, 4, 5, 6, 7, 8, 42]",0.8456,0.014,0.8764,"[0.8488, 0.836, 0.8664, 0.8351, 0.8323, 0.8398, 0.8564, 0.859, 0.8244, 0.8581]",optuna_tuned,False,0.0011950712075118732,0.05,64.0,0.0,,,,,
label_aware_scaffold,a4,bbbp,classification,roc_auc,10,"[0, 1, 2, 3, 4, 5, 6, 7, 8, 42]",0.9523,0.0096,0.9471,"[0.9426, 0.9435, 0.9593, 0.9463, 0.9606, 0.9462, 0.9548, 0.9539, 0.9439, 0.972]",optuna_tuned,False,0.00171889612665269,0.05,32.0,0.0,,,,,
label_aware_scaffold,a4_no_codebook,bace,classification,roc_auc,5,"[0, 1, 2, 3, 42]",0.8387,0.0158,0.8754,"[0.8258, 0.8527, 0.8467, 0.8506, 0.818]",optuna_tuned,False,0.0011950712075118732,0.05,64.0,0.0,,,,,
label_aware_scaffold,a4_no_codebook,bbbp,classification,roc_auc,5,"[0, 1, 2, 3, 42]",0.9642,0.0038,0.9516,"[0.9653, 0.9671, 0.9576, 0.9661, 0.9651]",optuna_tuned,False,0.00171889612665269,0.05,32.0,0.0,,,,,
label_aware_scaffold,a4_no_codebook,clintox,classification,roc_auc,5,"[0, 1, 2, 3, 42]",0.8713,0.0171,0.961,"[0.8775, 0.8527, 0.8812, 0.854, 0.8911]",optuna_tuned,False,0.008679022613626963,0.02,16.0,0.0,,,,,
label_aware_scaffold,a4_no_codebook,sider,classification,roc_auc,5,"[0, 1, 2, 3, 42]",0.6619,0.0166,0.6442,"[0.6441, 0.6629, 0.6472, 0.6718, 0.6834]",optuna_tuned,False,0.018853289942275565,0.1,32.0,0.0,,,,,
label_aware_scaffold,a4_no_codebook,tox21,classification,roc_auc,5,"[0, 1, 2, 3, 42]",0.7981,0.0039,0.8138,"[0.8016, 0.7926, 0.8008, 0.8, 0.7956]",optuna_tuned,False,0.04596991406126452,0.05,32.0,0.0,,,,,
label_aware_scaffold,a5_linear_head,bace,classification,roc_auc,5,"[0, 1, 2, 3, 42]",0.8527,0.0055,0.8837,"[0.8521, 0.8594, 0.8552, 0.8527, 0.8442]",optuna_tuned,False,0.0011950712075118732,0.05,0.0,4.0,,,,,
label_aware_scaffold,a5_linear_head,bbbp,classification,roc_auc,5,"[0, 1, 2, 3, 42]",0.9615,0.0055,0.9509,"[0.9591, 0.9597, 0.9608, 0.971, 0.9569]",optuna_tuned,False,0.00171889612665269,0.05,0.0,4.0,,,,,
label_aware_scaffold,a5_linear_head,clintox,classification,roc_auc,5,"[0, 1, 2, 3, 42]",0.9341,0.0091,0.9511,"[0.9399, 0.9192, 0.942, 0.9322, 0.937]",optuna_tuned,False,0.008679022613626963,0.02,0.0,16.0,,,,,
label_aware_scaffold,a5_linear_head,sider,classification,roc_auc,5,"[0, 1, 2, 3, 42]",0.6768,0.0095,0.6627,"[0.6718, 0.6794, 0.6824, 0.6632, 0.6874]",optuna_tuned,False,0.018853289942275565,0.1,0.0,4.0,,,,,
label_aware_scaffold,a5_linear_head,tox21,classification,roc_auc,5,"[0, 1, 2, 3, 42]",0.8071,0.0026,0.8209,"[0.8047, 0.8067, 0.8056, 0.8114, 0.8071]",optuna_tuned,False,0.04596991406126452,0.05,0.0,8.0,,,,,
label_aware_scaffold,full_model,bace,classification,roc_auc,5,"[0, 1, 2, 3, 42]",0.8658,0.0136,0.8881,"[0.8808, 0.8474, 0.8771, 0.859, 0.8648]",optuna_tuned,False,0.0011950712075118732,0.05,64.0,4.0,,,,,
label_aware_scaffold,full_model,bbbp,classification,roc_auc,5,"[0, 1, 2, 3, 42]",0.9658,0.0045,0.9543,"[0.971, 0.967, 0.9587, 0.9662, 0.9661]",optuna_tuned,False,0.00171889612665269,0.05,32.0,4.0,,,,,
label_aware_scaffold,full_model,clintox,classification,roc_auc,5,"[0, 1, 2, 3, 42]",0.9272,0.0203,0.9522,"[0.917, 0.9029, 0.9275, 0.958, 0.9304]",optuna_tuned,False,0.008679022613626963,0.02,16.0,16.0,,,,,
label_aware_scaffold,full_model,sider,classification,roc_auc,4,"[0, 1, 2, 3]",0.654,0.0155,0.6697,"[0.6318, 0.6619, 0.6668, 0.6554]",optuna_tuned,False,0.018853289942275565,0.1,32.0,4.0,,,,,
label_aware_scaffold,full_model,tox21,classification,roc_auc,5,"[0, 1, 2, 3, 42]",0.8071,0.0028,0.8253,"[0.8096, 0.8095, 0.804, 0.8082, 0.8041]",optuna_tuned,False,0.04596991406126452,0.05,32.0,8.0,,,,,
label_aware_scaffold,no_a2_a5,sider,classification,roc_auc,1,[42],0.6151,0.0,0.6291,[0.6151],optuna_tuned,False,0.05,0.0,0.0,,,,,,
label_aware_scaffold,no_a2_patience30,sider,classification,roc_auc,1,[42],0.6153,0.0,0.635,[0.6153],optuna_tuned,False,0.05,0.0,,,,,,,
label_aware_scaffold,only_a1_a4,sider,classification,roc_auc,6,"[0, 1, 2, 3, 42, 42]",0.5959,0.0054,0.626,"[0.6021, 0.5989, 0.5914, 0.5962, 0.5878, 0.5992]",optuna_tuned,False,0.0,0.0,0.0,,,,,,
label_aware_scaffold_80_10_10,a1_no_phys,bace,classification,roc_auc,10,"[100, 101, 102, 103, 104, 105, 106, 107, 108, 109]",0.842,0.0142,0.8792,"[0.8586, 0.8528, 0.8565, 0.8309, 0.8295, 0.814, 0.8521, 0.8411, 0.8379, 0.8465]",optuna_tuned,False,,,,,False,,False,,
label_aware_scaffold_80_10_10,a1_no_phys,bbbp,classification,roc_auc,10,"[100, 101, 102, 103, 104, 105, 106, 107, 108, 109]",0.94,0.0166,0.9233,"[0.9469, 0.9407, 0.9079, 0.9567, 0.9237, 0.9283, 0.9564, 0.9395, 0.938, 0.9615]",optuna_tuned,False,,,,,False,,False,,
label_aware_scaffold_80_10_10,a1_no_phys,clintox,classification,roc_auc,10,"[100, 101, 102, 103, 104, 105, 106, 107, 108, 109]",0.9468,0.0171,0.9195,"[0.9453, 0.9649, 0.9518, 0.913, 0.9446, 0.9652, 0.9228, 0.9562, 0.9583, 0.9457]",optuna_tuned,False,,,,,False,,False,,
label_aware_scaffold_80_10_10,a1_no_phys,sider,classification,roc_auc,10,"[100, 101, 102, 103, 104, 105, 106, 107, 108, 109]",0.6281,0.0189,0.6471,"[0.6533, 0.6136, 0.6538, 0.6207, 0.6243, 0.6151, 0.6273, 0.6009, 0.6531, 0.6182]",optuna_tuned,False,,,,,False,,False,,
label_aware_scaffold_80_10_10,a1_no_phys,tox21,classification,roc_auc,10,"[100, 101, 102, 103, 104, 105, 106, 107, 108, 109]",0.7874,0.0037,0.8044,"[0.7854, 0.7885, 0.7882, 0.7854, 0.7922, 0.7814, 0.7944, 0.7851, 0.7863, 0.7874]",optuna_tuned,False,,,,,False,,False,,
label_aware_scaffold_80_10_10,a2_no_infonce,bace,classification,roc_auc,10,"[100, 101, 102, 103, 104, 105, 106, 107, 108, 109]",0.8506,0.0097,0.8755,"[0.8469, 0.8581, 0.8608, 0.8356, 0.8434, 0.8664, 0.8416, 0.8574, 0.8476, 0.8479]",optuna_tuned,False,,,,,False,,False,,
label_aware_scaffold_80_10_10,a2_no_infonce,bbbp,classification,roc_auc,10,"[100, 101, 102, 103, 104, 105, 106, 107, 108, 109]",0.9606,0.012,0.9512,"[0.9653, 0.9567, 0.9634, 0.9711, 0.9402, 0.9508, 0.9659, 0.9474, 0.981, 0.9643]",optuna_tuned,False,,,,,False,,False,,
label_aware_scaffold_80_10_10,a2_no_infonce,clintox,classification,roc_auc,10,"[100, 101, 102, 103, 104, 105, 106, 107, 108, 109]",0.9177,0.0194,0.9475,"[0.9167, 0.9351, 0.8755, 0.937, 0.9236, 0.9185, 0.9337, 0.9196, 0.9243, 0.8931]",optuna_tuned,False,,,,,False,,False,,
label_aware_scaffold_80_10_10,a2_no_infonce,sider,classification,roc_auc,10,"[100, 101, 102, 103, 104, 105, 106, 107, 108, 109]",0.6487,0.0186,0.6615,"[0.6257, 0.6677, 0.6433, 0.6283, 0.662, 0.6514, 0.6366, 0.6859, 0.6418, 0.6445]",optuna_tuned,False,,,,,False,,False,,
label_aware_scaffold_80_10_10,a2_no_infonce,tox21,classification,roc_auc,10,"[100, 101, 102, 103, 104, 105, 106, 107, 108, 109]",0.8084,0.0032,0.8267,"[0.8147, 0.8104, 0.8064, 0.806, 0.8081, 0.8061, 0.8094, 0.8109, 0.8087, 0.8032]",optuna_tuned,False,,,,,False,,False,,
label_aware_scaffold_80_10_10,a3_no_mse_kd,bace,classification,roc_auc,10,"[100, 101, 102, 103, 104, 105, 106, 107, 108, 109]",0.8468,0.0112,0.8778,"[0.8437, 0.8571, 0.8527, 0.8472, 0.8423, 0.8506, 0.83, 0.8298, 0.8488, 0.8659]",optuna_tuned,False,,,,,False,,False,,
label_aware_scaffold_80_10_10,a3_no_mse_kd,bbbp,classification,roc_auc,10,"[100, 101, 102, 103, 104, 105, 106, 107, 108, 109]",0.9586,0.0099,0.9507,"[0.975, 0.9569, 0.9655, 0.9496, 0.9598, 0.9384, 0.9563, 0.9588, 0.9668, 0.9593]",optuna_tuned,False,,,,,False,,False,,
label_aware_scaffold_80_10_10,a3_no_mse_kd,clintox,classification,roc_auc,10,"[100, 101, 102, 103, 104, 105, 106, 107, 108, 109]",0.9203,0.0141,0.9512,"[0.9181, 0.9297, 0.896, 0.9138, 0.9413, 0.9159, 0.9312, 0.9029, 0.9199, 0.9337]",optuna_tuned,False,,,,,False,,False,,
label_aware_scaffold_80_10_10,a3_no_mse_kd,sider,classification,roc_auc,10,"[100, 101, 102, 103, 104, 105, 106, 107, 108, 109]",0.6383,0.018,0.6595,"[0.6412, 0.6139, 0.6147, 0.6722, 0.6552, 0.6296, 0.6488, 0.6285, 0.6359, 0.6431]",optuna_tuned,False,,,,,False,,False,,
label_aware_scaffold_80_10_10,a3_no_mse_kd,tox21,classification,roc_auc,10,"[100, 101, 102, 103, 104, 105, 106, 107, 108, 109]",0.8105,0.0034,0.8221,"[0.8088, 0.8118, 0.8081, 0.8119, 0.8166, 0.8106, 0.8126, 0.8035, 0.8117, 0.8089]",optuna_tuned,False,,,,,False,,False,,
label_aware_scaffold_80_10_10,a4_no_codebook,bace,classification,roc_auc,10,"[100, 101, 102, 103, 104, 105, 106, 107, 108, 109]",0.8446,0.0152,0.8761,"[0.831, 0.8377, 0.8539, 0.8428, 0.855, 0.8138, 0.8351, 0.8616, 0.8564, 0.8585]",optuna_tuned,False,,,,,False,,False,,
label_aware_scaffold_80_10_10,a4_no_codebook,bbbp,classification,roc_auc,10,"[100, 101, 102, 103, 104, 105, 106, 107, 108, 109]",0.9646,0.0105,0.9502,"[0.9701, 0.9561, 0.971, 0.9817, 0.9496, 0.9692, 0.9744, 0.957, 0.9649, 0.952]",optuna_tuned,False,,,,,False,,False,,
label_aware_scaffold_80_10_10,a4_no_codebook,clintox,classification,roc_auc,10,"[100, 101, 102, 103, 104, 105, 106, 107, 108, 109]",0.8698,0.0315,0.9521,"[0.8828, 0.856, 0.8288, 0.8516, 0.9105, 0.8935, 0.8871, 0.8205, 0.9087, 0.8587]",optuna_tuned,False,,,,,False,,False,,
label_aware_scaffold_80_10_10,a4_no_codebook,sider,classification,roc_auc,10,"[100, 101, 102, 103, 104, 105, 106, 107, 108, 109]",0.639,0.0156,0.6451,"[0.6214, 0.6438, 0.641, 0.6435, 0.629, 0.6272, 0.622, 0.6385, 0.6734, 0.6497]",optuna_tuned,False,,,,,False,,False,,
label_aware_scaffold_80_10_10,a4_no_codebook,tox21,classification,roc_auc,10,"[100, 101, 102, 103, 104, 105, 106, 107, 108, 109]",0.7989,0.0038,0.8149,"[0.8013, 0.8029, 0.797, 0.7947, 0.7925, 0.8038, 0.7969, 0.7985, 0.8031, 0.7989]",optuna_tuned,False,,,,,False,,False,,
label_aware_scaffold_80_10_10,a5_linear_head,bace,classification,roc_auc,10,"[100, 101, 102, 103, 104, 105, 106, 107, 108, 109]",0.8496,0.0106,0.8744,"[0.8485, 0.8551, 0.8546, 0.831, 0.8567, 0.8483, 0.8327, 0.8468, 0.8609, 0.861]",optuna_tuned,False,,,,,False,,False,,
label_aware_scaffold_80_10_10,a5_linear_head,bbbp,classification,roc_auc,10,"[100, 101, 102, 103, 104, 105, 106, 107, 108, 109]",0.9678,0.0056,0.9508,"[0.9746, 0.9678, 0.9594, 0.9739, 0.9704, 0.9587, 0.9704, 0.9634, 0.9691, 0.9704]",optuna_tuned,False,,,,,False,,False,,
label_aware_scaffold_80_10_10,a5_linear_head,clintox,classification,roc_auc,10,"[100, 101, 102, 103, 104, 105, 106, 107, 108, 109]",0.9212,0.0125,0.9535,"[0.9228, 0.8951, 0.9152, 0.9301, 0.937, 0.9207, 0.921, 0.9085, 0.9337, 0.9283]",optuna_tuned,False,,,,,False,,False,,
label_aware_scaffold_80_10_10,a5_linear_head,sider,classification,roc_auc,10,"[100, 101, 102, 103, 104, 105, 106, 107, 108, 109]",0.6425,0.0131,0.6511,"[0.6319, 0.6427, 0.636, 0.6523, 0.6285, 0.6467, 0.6265, 0.6547, 0.638, 0.6681]",optuna_tuned,False,,,,,False,,False,,
label_aware_scaffold_80_10_10,a5_linear_head,tox21,classification,roc_auc,10,"[100, 101, 102, 103, 104, 105, 106, 107, 108, 109]",0.8069,0.0046,0.82,"[0.8083, 0.8091, 0.8034, 0.8015, 0.805, 0.813, 0.8051, 0.8007, 0.8088, 0.8142]",optuna_tuned,False,,,,,False,,False,,
label_aware_scaffold_80_10_10,full_model,bace,classification,roc_auc,10,"[100, 101, 102, 103, 104, 105, 106, 107, 108, 109]",0.8445,0.0145,0.8744,"[0.8159, 0.8586, 0.8618, 0.8365, 0.8594, 0.8551, 0.846, 0.8402, 0.8346, 0.8368]",optuna_tuned,False,,,,,False,,False,,
label_aware_scaffold_80_10_10,full_model,bbbp,classification,roc_auc,10,"[100, 101, 102, 103, 104, 105, 106, 107, 108, 109]",0.9612,0.0103,0.9501,"[0.9667, 0.9642, 0.9676, 0.9722, 0.9447, 0.9423, 0.9714, 0.9619, 0.9573, 0.9639]",optuna_tuned,False,,,,,False,,False,,
label_aware_scaffold_80_10_10,full_model,clintox,classification,roc_auc,10,"[100, 101, 102, 103, 104, 105, 106, 107, 108, 109]",0.9149,0.0123,0.9503,"[0.9167, 0.9264, 0.9197, 0.913, 0.9043, 0.9225, 0.9304, 0.9149, 0.9139, 0.8868]",optuna_tuned,False,,,,,False,,False,,
label_aware_scaffold_80_10_10,full_model,sider,classification,roc_auc,11,"[42, 100, 101, 102, 103, 104, 105, 106, 107, 108, 109]",0.6498,0.0145,0.6653,"[0.6528, 0.6273, 0.6496, 0.631, 0.652, 0.6674, 0.6366, 0.6463, 0.6528, 0.6565, 0.6757]",optuna_tuned,False,,,,,False,,False,,
label_aware_scaffold_80_10_10,full_model,tox21,classification,roc_auc,10,"[100, 101, 102, 103, 104, 105, 106, 107, 108, 109]",0.8099,0.0039,0.8282,"[0.8123, 0.8104, 0.8088, 0.8137, 0.8039, 0.8059, 0.8115, 0.806, 0.81, 0.8167]",optuna_tuned,False,,,,,False,,False,,
random,full_model,clintox,classification,roc_auc,15,"[0, 1, 2, 3, 42, 100, 101, 102, 103, 104, 105, 106, 107, 108, 109]",0.8855,0.0492,0.9071,"[0.9176, 0.9055, 0.9314, 0.8381, 0.9378, 0.9469, 0.8431, 0.9573, 0.8859, 0.8045, 0.8263, 0.8358, 0.8686, 0.9212, 0.8628]",optuna_tuned,False,,,,,False,,False,,
random,full_model,sider,classification,roc_auc,15,"[0, 1, 2, 3, 42, 100, 101, 102, 103, 104, 105, 106, 107, 108, 109]",0.6425,0.0273,0.6553,"[0.6358, 0.6702, 0.6871, 0.6317, 0.6063, 0.6295, 0.6057, 0.6395, 0.6079, 0.6267, 0.6754, 0.6538, 0.6634, 0.6263, 0.6783]",optuna_tuned,False,,,,,False,,False,,
random,full_model,tox21,classification,roc_auc,15,"[0, 1, 2, 3, 42, 100, 101, 102, 103, 104, 105, 106, 107, 108, 109]",0.8441,0.0153,0.8505,"[0.8196, 0.8658, 0.8559, 0.8583, 0.8333, 0.8457, 0.8532, 0.8607, 0.8457, 0.8293, 0.8354, 0.8214, 0.8627, 0.8296, 0.8456]",optuna_tuned,False,,,,,False,,False,,
random_80_10_10,full_model,clintox,classification,roc_auc,10,"[100, 101, 102, 103, 104, 105, 106, 107, 108, 109]",0.8865,0.0594,0.8942,"[0.9362, 0.842, 0.9292, 0.9541, 0.9069, 0.9623, 0.8779, 0.7944, 0.8271, 0.8348]",optuna_tuned,False,,,,,False,,False,,
random_80_10_10,full_model,sider,classification,roc_auc,10,"[100, 101, 102, 103, 104, 105, 106, 107, 108, 109]",0.6342,0.0332,0.6461,"[0.6874, 0.6326, 0.6213, 0.6295, 0.6053, 0.643, 0.5698, 0.6277, 0.6717, 0.6538]",optuna_tuned,False,,,,,False,,False,,
random_80_10_10,full_model,tox21,classification,roc_auc,10,"[100, 101, 102, 103, 104, 105, 106, 107, 108, 109]",0.8424,0.0147,0.8535,"[0.8526, 0.8554, 0.8293, 0.842, 0.855, 0.8656, 0.8427, 0.8229, 0.8358, 0.8226]",optuna_tuned,False,,,,,False,,False,,
random_80_10_10,full_model_random,clintox,classification,roc_auc,5,"[0, 1, 2, 3, 42]",0.8947,0.0296,0.929,"[0.9193, 0.9005, 0.8621, 0.926, 0.8659]",optuna_tuned,False,,,,,False,,False,,
random_80_10_10,full_model_random,sider,classification,roc_auc,5,"[0, 1, 2, 3, 42]",0.6614,0.0219,0.6718,"[0.6588, 0.6865, 0.6535, 0.6305, 0.6777]",optuna_tuned,False,,,,,False,,False,,
random_80_10_10,full_model_random,tox21,classification,roc_auc,5,"[0, 1, 2, 3, 42]",0.8394,0.0212,0.8457,"[0.8185, 0.8645, 0.8566, 0.8187, 0.8387]",optuna_tuned,False,,,,,False,,False,,
scaffold,a124_no_all_three,bace,classification,roc_auc,5,"[0, 1, 2, 3, 42]",0.8265,0.0215,0.7357,"[0.8426, 0.8518, 0.8094, 0.8277, 0.8009]",optuna_tuned,False,,,,,False,,False,,
scaffold,a124_no_all_three,bbbp,classification,roc_auc,5,"[0, 1, 2, 3, 42]",0.6559,0.033,0.9377,"[0.6212, 0.6605, 0.6464, 0.6419, 0.7093]",optuna_tuned,False,,,,,False,,False,,
scaffold,a124_no_all_three,clintox,classification,roc_auc,5,"[0, 1, 2, 3, 42]",0.8471,0.0152,0.9817,"[0.835, 0.8619, 0.8526, 0.8589, 0.8272]",optuna_tuned,False,,,,,False,,False,,
scaffold,a124_no_all_three,hiv,classification,roc_auc,5,"[0, 1, 2, 3, 42]",0.7455,0.0277,0.7832,"[0.7214, 0.7905, 0.7373, 0.7515, 0.7267]",optuna_tuned,False,,,,,False,,False,,
scaffold,a124_no_all_three,sider,classification,roc_auc,5,"[0, 1, 2, 3, 42]",0.6326,0.0167,0.6224,"[0.6391, 0.6132, 0.646, 0.6484, 0.6163]",optuna_tuned,False,,,,,False,,False,,
scaffold,a124_no_all_three,tox21,classification,roc_auc,5,"[0, 1, 2, 3, 42]",0.725,0.0032,0.7535,"[0.7268, 0.7197, 0.7245, 0.7274, 0.7266]",optuna_tuned,False,,,,,False,,False,,
scaffold,a124_no_all_three,toxcast,classification,roc_auc,5,"[0, 1, 2, 3, 42]",0.6309,0.0125,0.6629,"[0.6243, 0.6442, 0.639, 0.6128, 0.6341]",optuna_tuned,False,,,,,False,,False,,
scaffold,a12_no_phys_infonce,bace,classification,roc_auc,5,"[0, 1, 2, 3, 42]",0.8322,0.0257,0.7094,"[0.8187, 0.8545, 0.8466, 0.7933, 0.848]",optuna_tuned,False,,,,,False,,False,,
scaffold,a12_no_phys_infonce,bbbp,classification,roc_auc,5,"[0, 1, 2, 3, 42]",0.6501,0.0212,0.9334,"[0.6651, 0.6256, 0.6288, 0.6699, 0.661]",optuna_tuned,False,,,,,False,,False,,
scaffold,a12_no_phys_infonce,clintox,classification,roc_auc,5,"[0, 1, 2, 3, 42]",0.8491,0.0226,0.985,"[0.8834, 0.8514, 0.8525, 0.8244, 0.8339]",optuna_tuned,False,,,,,False,,False,,
scaffold,a12_no_phys_infonce,hiv,classification,roc_auc,5,"[0, 1, 2, 3, 42]",0.7419,0.0157,0.7818,"[0.7409, 0.7244, 0.729, 0.7548, 0.7604]",optuna_tuned,False,,,,,False,,False,,
scaffold,a12_no_phys_infonce,sider,classification,roc_auc,5,"[0, 1, 2, 3, 42]",0.6546,0.0026,0.5936,"[0.658, 0.6531, 0.6566, 0.6519, 0.6533]",optuna_tuned,False,,,,,False,,False,,
scaffold,a12_no_phys_infonce,tox21,classification,roc_auc,5,"[0, 1, 2, 3, 42]",0.7371,0.0068,0.7576,"[0.7268, 0.7368, 0.7356, 0.7433, 0.7432]",optuna_tuned,False,,,,,False,,False,,
scaffold,a12_no_phys_infonce,toxcast,classification,roc_auc,5,"[0, 1, 2, 3, 42]",0.652,0.007,0.6691,"[0.6553, 0.6428, 0.6615, 0.6492, 0.6512]",optuna_tuned,False,,,,,False,,False,,
scaffold,a14_no_phys_codebook,bace,classification,roc_auc,5,"[0, 1, 2, 3, 42]",0.8174,0.023,0.7189,"[0.8464, 0.8297, 0.8226, 0.7929, 0.7951]",optuna_tuned,False,,,,,False,,False,,
scaffold,a14_no_phys_codebook,bbbp,classification,roc_auc,5,"[0, 1, 2, 3, 42]",0.6528,0.0284,0.9256,"[0.6485, 0.6534, 0.6128, 0.6567, 0.6926]",optuna_tuned,False,,,,,False,,False,,
scaffold,a14_no_phys_codebook,clintox,classification,roc_auc,5,"[0, 1, 2, 3, 42]",0.8403,0.0061,0.9855,"[0.8346, 0.8417, 0.842, 0.8488, 0.8342]",optuna_tuned,False,,,,,False,,False,,
scaffold,a14_no_phys_codebook,hiv,classification,roc_auc,5,"[0, 1, 2, 3, 42]",0.7339,0.0071,0.7773,"[0.7388, 0.7247, 0.7301, 0.7427, 0.7329]",optuna_tuned,False,,,,,False,,False,,
scaffold,a14_no_phys_codebook,sider,classification,roc_auc,5,"[0, 1, 2, 3, 42]",0.6377,0.0115,0.6157,"[0.6345, 0.6251, 0.6492, 0.6503, 0.6291]",optuna_tuned,False,,,,,False,,False,,
scaffold,a14_no_phys_codebook,tox21,classification,roc_auc,5,"[0, 1, 2, 3, 42]",0.7265,0.0063,0.7553,"[0.7212, 0.7318, 0.7205, 0.7345, 0.7243]",optuna_tuned,False,,,,,False,,False,,
scaffold,a14_no_phys_codebook,toxcast,classification,roc_auc,5,"[0, 1, 2, 3, 42]",0.6387,0.0072,0.6601,"[0.6392, 0.6504, 0.6331, 0.6324, 0.6387]",optuna_tuned,False,,,,,False,,False,,
scaffold,a1_no_phys,bace,classification,roc_auc,15,"[0, 1, 2, 3, 42, 100, 101, 102, 103, 104, 105, 106, 107, 108, 109]",0.8334,0.0171,0.7186,"[0.8371, 0.8464, 0.8181, 0.8167, 0.8451, 0.8005, 0.8457, 0.8236, 0.8596, 0.8303, 0.8279, 0.8433, 0.8303, 0.8154, 0.8616]",optuna_tuned,False,,,,,False,,False,,
scaffold,a1_no_phys,bbbp,classification,roc_auc,15,"[0, 1, 2, 3, 42, 100, 101, 102, 103, 104, 105, 106, 107, 108, 109]",0.6467,0.0209,0.9356,"[0.6363, 0.643, 0.6203, 0.6367, 0.6751, 0.6775, 0.6185, 0.6701, 0.6384, 0.6627, 0.6548, 0.6362, 0.6109, 0.6586, 0.6608]",optuna_tuned,False,,,,,False,,False,,
scaffold,a1_no_phys,clintox,classification,roc_auc,15,"[0, 1, 2, 3, 42, 100, 101, 102, 103, 104, 105, 106, 107, 108, 109]",0.8469,0.0149,0.982,"[0.8479, 0.8641, 0.8435, 0.8548, 0.8464, 0.8585, 0.8536, 0.8472, 0.8503, 0.8136, 0.854, 0.839, 0.8597, 0.8144, 0.8568]",optuna_tuned,False,,,,,False,,False,,
scaffold,a1_no_phys,hiv,classification,roc_auc,5,"[0, 1, 2, 3, 42]",0.7526,0.0286,0.7892,"[0.7602, 0.7243, 0.778, 0.7797, 0.7206]",optuna_tuned,False,,,,,False,,False,,
scaffold,a1_no_phys,sider,classification,roc_auc,5,"[0, 1, 2, 3, 42]",0.648,0.0086,0.6035,"[0.6396, 0.6576, 0.6459, 0.6566, 0.6405]",optuna_tuned,False,,,,,False,,False,,
scaffold,a1_no_phys,tox21,classification,roc_auc,5,"[0, 1, 2, 3, 42]",0.7354,0.0059,0.7536,"[0.7361, 0.7372, 0.727, 0.7434, 0.7335]",optuna_tuned,False,,,,,False,,False,,
scaffold,a1_no_phys,toxcast,classification,roc_auc,5,"[0, 1, 2, 3, 42]",0.6442,0.0048,0.6729,"[0.6525, 0.6406, 0.6429, 0.6441, 0.6411]",optuna_tuned,False,,,,,False,,False,,
scaffold,a24_no_infonce_codebook,bace,classification,roc_auc,5,"[0, 1, 2, 3, 42]",0.8491,0.015,0.7139,"[0.8562, 0.8562, 0.8556, 0.8223, 0.8551]",optuna_tuned,False,,,,,False,,False,,
scaffold,a24_no_infonce_codebook,bbbp,classification,roc_auc,5,"[0, 1, 2, 3, 42]",0.665,0.027,0.9597,"[0.6529, 0.6492, 0.649, 0.7125, 0.6612]",optuna_tuned,False,,,,,False,,False,,
scaffold,a24_no_infonce_codebook,clintox,classification,roc_auc,5,"[0, 1, 2, 3, 42]",0.8482,0.0476,0.987,"[0.8863, 0.8809, 0.8748, 0.7763, 0.8226]",optuna_tuned,False,,,,,False,,False,,
scaffold,a24_no_infonce_codebook,hiv,classification,roc_auc,5,"[0, 1, 2, 3, 42]",0.766,0.0186,0.8183,"[0.7458, 0.7961, 0.7582, 0.7633, 0.7666]",optuna_tuned,False,,,,,False,,False,,
scaffold,a24_no_infonce_codebook,sider,classification,roc_auc,5,"[0, 1, 2, 3, 42]",0.6177,0.0076,0.6166,"[0.6126, 0.6227, 0.6238, 0.6225, 0.6067]",optuna_tuned,False,,,,,False,,False,,
scaffold,a24_no_infonce_codebook,tox21,classification,roc_auc,5,"[0, 1, 2, 3, 42]",0.7426,0.0041,0.7727,"[0.7422, 0.74, 0.7492, 0.7386, 0.743]",optuna_tuned,False,,,,,False,,False,,
scaffold,a24_no_infonce_codebook,toxcast,classification,roc_auc,5,"[0, 1, 2, 3, 42]",0.6521,0.0026,0.6686,"[0.6503, 0.6537, 0.6494, 0.6556, 0.6514]",optuna_tuned,False,,,,,False,,False,,
scaffold,a2_no_infonce,bace,classification,roc_auc,5,"[0, 1, 2, 3, 42]",0.8425,0.0152,0.7081,"[0.8395, 0.8683, 0.8308, 0.8424, 0.8317]",optuna_tuned,False,,,,,False,,False,,
scaffold,a2_no_infonce,bbbp,classification,roc_auc,5,"[0, 1, 2, 3, 42]",0.6628,0.0149,0.9634,"[0.6467, 0.6825, 0.6726, 0.6615, 0.6509]",optuna_tuned,False,,,,,False,,False,,
scaffold,a2_no_infonce,clintox,classification,roc_auc,5,"[0, 1, 2, 3, 42]",0.8932,0.0178,0.9862,"[0.9174, 0.8987, 0.8678, 0.8893, 0.8926]",optuna_tuned,False,,,,,False,,False,,
scaffold,a2_no_infonce,hiv,classification,roc_auc,5,"[0, 1, 2, 3, 42]",0.768,0.006,0.8301,"[0.7658, 0.7763, 0.7701, 0.7598, 0.7679]",optuna_tuned,False,,,,,False,,False,,
scaffold,a2_no_infonce,sider,classification,roc_auc,5,"[0, 1, 2, 3, 42]",0.6345,0.0087,0.6078,"[0.6388, 0.6218, 0.6441, 0.6376, 0.6302]",optuna_tuned,False,,,,,False,,False,,
scaffold,a2_no_infonce,tox21,classification,roc_auc,5,"[0, 1, 2, 3, 42]",0.7548,0.0051,0.7869,"[0.746, 0.7584, 0.7558, 0.758, 0.7558]",optuna_tuned,False,,,,,False,,False,,
scaffold,a2_no_infonce,toxcast,classification,roc_auc,5,"[0, 1, 2, 3, 42]",0.6619,0.0065,0.6865,"[0.6696, 0.655, 0.6661, 0.6554, 0.6632]",optuna_tuned,False,,,,,False,,False,,
scaffold,a4_no_codebook,bace,classification,roc_auc,5,"[0, 1, 2, 3, 42]",0.8488,0.0137,0.7062,"[0.8495, 0.8594, 0.8344, 0.8357, 0.8649]",optuna_tuned,False,,,,,False,,False,,
scaffold,a4_no_codebook,bbbp,classification,roc_auc,5,"[0, 1, 2, 3, 42]",0.6628,0.0178,0.9608,"[0.6632, 0.6474, 0.6923, 0.6602, 0.6507]",optuna_tuned,False,,,,,False,,False,,
scaffold,a4_no_codebook,clintox,classification,roc_auc,5,"[0, 1, 2, 3, 42]",0.8757,0.0086,0.9829,"[0.8753, 0.88, 0.8609, 0.8824, 0.8797]",optuna_tuned,False,,,,,False,,False,,
scaffold,a4_no_codebook,hiv,classification,roc_auc,5,"[0, 1, 2, 3, 42]",0.7548,0.0127,0.8255,"[0.7592, 0.7747, 0.7424, 0.7472, 0.7504]",optuna_tuned,False,,,,,False,,False,,
scaffold,a4_no_codebook,sider,classification,roc_auc,5,"[0, 1, 2, 3, 42]",0.6256,0.0158,0.618,"[0.6482, 0.6235, 0.6144, 0.6336, 0.6085]",optuna_tuned,False,,,,,False,,False,,
scaffold,a4_no_codebook,tox21,classification,roc_auc,5,"[0, 1, 2, 3, 42]",0.7399,0.0049,0.7764,"[0.7316, 0.741, 0.7404, 0.7448, 0.7416]",optuna_tuned,False,,,,,False,,False,,
scaffold,a4_no_codebook,toxcast,classification,roc_auc,5,"[0, 1, 2, 3, 42]",0.6528,0.0071,0.67,"[0.6457, 0.6573, 0.6525, 0.6622, 0.6464]",optuna_tuned,False,,,,,False,,False,,
scaffold,a8_no_fp,bace,classification,roc_auc,1,[42],0.854,0.0,0.7413,[0.854],optuna_tuned,False,,,,,False,,False,,
scaffold,a8_no_fp,sider,classification,roc_auc,5,"[0, 1, 2, 3, 42]",0.64,0.0106,0.6188,"[0.6414, 0.6467, 0.6264, 0.6528, 0.6326]",optuna_tuned,False,,,,,False,,False,,
scaffold,full_model,bace,classification,roc_auc,15,"[0, 1, 2, 3, 42, 100, 101, 102, 103, 104, 105, 106, 107, 108, 109]",0.8481,0.0177,0.7014,"[0.8457, 0.8312, 0.8578, 0.8375, 0.8192, 0.8495, 0.8694, 0.8634, 0.8607, 0.8518, 0.8178, 0.848, 0.837, 0.8819, 0.8502]",optuna_tuned,False,,,,,False,,False,,
scaffold,full_model,bbbp,classification,roc_auc,15,"[0, 1, 2, 3, 42, 100, 101, 102, 103, 104, 105, 106, 107, 108, 109]",0.67,0.0197,0.9592,"[0.6531, 0.6739, 0.671, 0.6792, 0.678, 0.6897, 0.6811, 0.7063, 0.6419, 0.6648, 0.6374, 0.6545, 0.6812, 0.6902, 0.6481]",optuna_tuned,False,,,,,False,,False,,
scaffold,full_model,clintox,classification,roc_auc,15,"[0, 1, 2, 3, 42, 100, 101, 102, 103, 104, 105, 106, 107, 108, 109]",0.8851,0.0187,0.9866,"[0.8795, 0.9064, 0.9075, 0.8415, 0.876, 0.9006, 0.8953, 0.8956, 0.8883, 0.8614, 0.8782, 0.9031, 0.8646, 0.8828, 0.8949]",optuna_tuned,False,,,,,False,,False,,
scaffold,full_model,hiv,classification,roc_auc,5,"[0, 1, 2, 3, 42]",0.7548,0.028,0.819,"[0.705, 0.7653, 0.7636, 0.7726, 0.7675]",optuna_tuned,False,,,,,False,,False,,
scaffold,full_model,sider,classification,roc_auc,15,"[0, 1, 2, 3, 42, 100, 101, 102, 103, 104, 105, 106, 107, 108, 109]",0.6297,0.016,0.6181,"[0.6434, 0.6415, 0.6602, 0.6262, 0.6024, 0.6376, 0.6224, 0.6461, 0.6109, 0.6347, 0.6177, 0.6416, 0.6328, 0.6167, 0.6109]",optuna_tuned,False,,,,,False,,False,,
scaffold,full_model,tox21,classification,roc_auc,15,"[0, 1, 2, 3, 42, 100, 101, 102, 103, 104, 105, 106, 107, 108, 109]",0.7523,0.0032,0.7914,"[0.749, 0.7522, 0.7486, 0.7565, 0.754, 0.7511, 0.757, 0.7472, 0.756, 0.7547, 0.7481, 0.7536, 0.7507, 0.7543, 0.7523]",optuna_tuned,False,,,,,False,,False,,
scaffold,full_model,toxcast,classification,roc_auc,5,"[0, 1, 2, 3, 42]",0.6589,0.0033,0.6823,"[0.6582, 0.6579, 0.66, 0.6548, 0.6637]",optuna_tuned,False,,,,,False,,False,,
scaffold,full_model_fp,bace,classification,roc_auc,5,"[0, 1, 2, 3, 42]",0.8507,0.0062,0.7391,"[0.8424, 0.8518, 0.8482, 0.8513, 0.8596]",optuna_tuned,False,,,,,False,,False,,
scaffold,full_model_fp,bbbp,classification,roc_auc,5,"[0, 1, 2, 3, 42]",0.7253,0.0151,0.9601,"[0.7277, 0.7444, 0.7168, 0.7327, 0.7049]",optuna_tuned,False,,,,,False,,False,,
scaffold,full_model_fp,clintox,classification,roc_auc,5,"[0, 1, 2, 3, 42]",0.8546,0.0138,0.9811,"[0.838, 0.8636, 0.8539, 0.845, 0.8723]",optuna_tuned,False,,,,,False,,False,,
scaffold,full_model_fp,sider,classification,roc_auc,5,"[0, 1, 2, 3, 42]",0.6286,0.0175,0.6006,"[0.6066, 0.6493, 0.6334, 0.6388, 0.615]",optuna_tuned,False,,,,,False,,False,,
scaffold,full_model_fp,tox21,classification,roc_auc,5,"[0, 1, 2, 3, 42]",0.7612,0.0068,0.7921,"[0.7561, 0.7603, 0.7602, 0.7566, 0.7728]",optuna_tuned,False,,,,,False,,False,,
