split_protocol,ablation,dataset,task_type,metric_name,n_seeds,seeds,mean_test_metric,std_test_metric,mean_best_val_metric,per_seed_metrics,config_source,gnn_conv,zero_phys_branch,distill_weight,cross_distill_weight,ih_rank,ih_num_prototypes,use_fingerprint,fp_stage,ih_block_proj,mean_test_mae,mean_test_r2
scaffold,gcn_full_model,cep,regression,rmse,5,"[0, 1, 2, 3, 42]",1.0716,0.0147,1.1318,"[1.0637, 1.0848, 1.0901, 1.0611, 1.0582]",optuna_tuned:best_config.json,gcn,False,0.009005588897543012,0.1,64,4,True,head,True,0.5041,0.8235
scaffold,gcn_full_model,esol,regression,rmse,5,"[0, 1, 2, 3, 42]",0.8908,0.0446,0.9304,"[0.9431, 0.8542, 0.8935, 0.9244, 0.8385]",optuna_tuned:best_config.json,gcn,False,0.08387167822214522,0.02,16,8,True,head,True,0.6771,0.823
scaffold,gcn_full_model,freesolv,regression,rmse,5,"[0, 1, 2, 3, 42]",1.9913,0.2362,3.1628,"[1.9984, 2.0694, 2.3283, 1.8647, 1.6957]",optuna_tuned:best_config.json,gcn,False,0.0010271807131052074,0.1,64,6,True,head,True,1.5607,0.6966
scaffold,gcn_full_model,lipo,regression,rmse,5,"[0, 1, 2, 3, 42]",0.7177,0.015,0.7536,"[0.7159, 0.7329, 0.7325, 0.7087, 0.6984]",optuna_tuned:best_config.json,gcn,False,0.0010271807131052074,0.1,64,6,True,head,True,0.5511,0.5772
scaffold,gcn_full_model,malaria,regression,rmse,5,"[0, 1, 2, 3, 42]",1.9499,0.017,0.6715,"[1.9734, 1.9443, 1.9607, 1.9394, 1.9315]",optuna_tuned:best_config.json,gcn,False,0.0036055908285175485,0.05,16,3,True,head,True,1.6669,-3.0025
scaffold,gcn_no_3d,cep,regression,rmse,5,"[0, 1, 2, 3, 42]",1.111,0.0179,1.1702,"[1.1158, 1.0996, 1.1378, 1.0907, 1.1111]",optuna_tuned:best_config.json(full_model_sibling),gcn,True,0.009005588897543012,0.1,64,4,True,head,True,0.5661,0.8102
scaffold,gcn_no_3d,esol,regression,rmse,5,"[0, 1, 2, 3, 42]",1.1159,0.0228,1.085,"[1.1117, 1.1248, 1.1171, 1.1444, 1.0816]",optuna_tuned:best_config.json(full_model_sibling),gcn,True,0.08387167822214522,0.02,16,8,True,head,True,0.8559,0.7227
scaffold,gcn_no_3d,freesolv,regression,rmse,5,"[0, 1, 2, 3, 42]",2.1565,0.4073,3.1636,"[2.193, 1.9171, 2.8504, 1.9508, 1.8715]",optuna_tuned:best_config.json(full_model_sibling),gcn,True,0.0010271807131052074,0.1,64,6,True,head,True,1.664,0.6381
scaffold,gcn_no_3d,lipo,regression,rmse,5,"[0, 1, 2, 3, 42]",0.7276,0.0142,0.7419,"[0.7199, 0.7277, 0.7279, 0.7504, 0.7123]",optuna_tuned:best_config.json(full_model_sibling),gcn,True,0.0010271807131052074,0.1,64,6,True,head,True,0.5585,0.5654
scaffold,gcn_no_3d,malaria,regression,rmse,5,"[0, 1, 2, 3, 42]",1.9381,0.0312,0.6591,"[1.9731, 1.9, 1.9553, 1.9514, 1.9107]",optuna_tuned:best_config.json(full_model_sibling),gcn,True,0.0036055908285175485,0.05,16,3,True,head,True,1.6493,-2.955
scaffold,gcn_no_3d_codebook,cep,regression,rmse,5,"[0, 1, 2, 3, 42]",1.1095,0.0184,1.157,"[1.0804, 1.1254, 1.1114, 1.1054, 1.125]",optuna_tuned:best_config.json(full_model_sibling),gcn,True,0.009005588897543012,0.1,0,0,True,head,True,0.5588,0.8107
scaffold,gcn_no_3d_codebook,esol,regression,rmse,5,"[0, 1, 2, 3, 42]",1.1401,0.0241,1.0888,"[1.1446, 1.1693, 1.1499, 1.1325, 1.1041]",optuna_tuned:best_config.json(full_model_sibling),gcn,True,0.08387167822214522,0.02,0,0,True,head,True,0.899,0.7106
scaffold,gcn_no_3d_codebook,freesolv,regression,rmse,5,"[0, 1, 2, 3, 42]",2.122,0.0948,3.5267,"[2.1316, 2.1017, 2.1136, 1.9988, 2.2642]",optuna_tuned:best_config.json(full_model_sibling),gcn,True,0.0010271807131052074,0.1,0,0,True,head,True,1.6057,0.6588
scaffold,gcn_no_3d_codebook,lipo,regression,rmse,5,"[0, 1, 2, 3, 42]",0.7187,0.005,0.7538,"[0.7242, 0.7176, 0.7178, 0.7226, 0.7114]",optuna_tuned:best_config.json(full_model_sibling),gcn,True,0.0010271807131052074,0.1,0,0,True,head,True,0.5501,0.5761
scaffold,gcn_no_3d_codebook,malaria,regression,rmse,5,"[0, 1, 2, 3, 42]",1.9719,0.0292,0.6692,"[2.0015, 1.9446, 1.9484, 1.96, 2.005]",optuna_tuned:best_config.json(full_model_sibling),gcn,True,0.0036055908285175485,0.05,0,0,True,head,True,1.6938,-3.0939
scaffold,gcn_no_3d_codebook_fp,cep,regression,rmse,5,"[0, 1, 2, 3, 42]",1.4085,0.0203,1.4783,"[1.3884, 1.4363, 1.4212, 1.4053, 1.3913]",optuna_tuned:best_config.json(full_model_sibling),gcn,True,0.009005588897543012,0.1,0,0,False,head,True,0.9096,0.695
scaffold,gcn_no_3d_codebook_fp,esol,regression,rmse,5,"[0, 1, 2, 3, 42]",1.4486,0.039,1.3479,"[1.4304, 1.5048, 1.4621, 1.3995, 1.4461]",optuna_tuned:best_config.json(full_model_sibling),gcn,True,0.08387167822214522,0.02,0,0,False,head,True,1.1452,0.5327
scaffold,gcn_no_3d_codebook_fp,freesolv,regression,rmse,5,"[0, 1, 2, 3, 42]",2.7106,0.1189,3.9117,"[2.7178, 2.5927, 2.8722, 2.7722, 2.598]",optuna_tuned:best_config.json(full_model_sibling),gcn,True,0.0010271807131052074,0.1,0,0,False,head,True,2.062,0.4433
scaffold,gcn_no_3d_codebook_fp,lipo,regression,rmse,5,"[0, 1, 2, 3, 42]",0.9008,0.0193,0.9224,"[0.9254, 0.8733, 0.8954, 0.9107, 0.8994]",optuna_tuned:best_config.json(full_model_sibling),gcn,True,0.0010271807131052074,0.1,0,0,False,head,True,0.708,0.3339
scaffold,gcn_no_3d_codebook_fp,malaria,regression,rmse,5,"[0, 1, 2, 3, 42]",2.0108,0.0112,0.6802,"[2.0278, 2.0083, 2.012, 2.0094, 1.9965]",optuna_tuned:best_config.json(full_model_sibling),gcn,True,0.0036055908285175485,0.05,0,0,False,head,True,1.7333,-3.2564
scaffold,gcn_no_3d_fp,cep,regression,rmse,5,"[0, 1, 2, 3, 42]",1.4133,0.0273,1.4914,"[1.4204, 1.4452, 1.4143, 1.4169, 1.3697]",optuna_tuned:best_config.json(full_model_sibling),gcn,True,0.009005588897543012,0.1,64,4,False,head,True,0.9153,0.6929
scaffold,gcn_no_3d_fp,esol,regression,rmse,5,"[0, 1, 2, 3, 42]",1.3317,0.0496,1.313,"[1.2975, 1.3363, 1.2896, 1.3212, 1.4139]",optuna_tuned:best_config.json(full_model_sibling),gcn,True,0.08387167822214522,0.02,16,8,False,head,True,1.0546,0.6048
scaffold,gcn_no_3d_fp,freesolv,regression,rmse,5,"[0, 1, 2, 3, 42]",2.8917,0.3403,3.9394,"[3.026, 2.4494, 3.1143, 3.2478, 2.6211]",optuna_tuned:best_config.json(full_model_sibling),gcn,True,0.0010271807131052074,0.1,64,6,False,head,True,2.182,0.3603
scaffold,gcn_no_3d_fp,lipo,regression,rmse,5,"[0, 1, 2, 3, 42]",0.9097,0.02,0.9019,"[0.9195, 0.9022, 0.9359, 0.9086, 0.8822]",optuna_tuned:best_config.json(full_model_sibling),gcn,True,0.0010271807131052074,0.1,64,6,False,head,True,0.7042,0.3207
scaffold,gcn_no_3d_fp,malaria,regression,rmse,5,"[0, 1, 2, 3, 42]",1.9485,0.0228,0.6571,"[1.951, 1.9775, 1.945, 1.9549, 1.9141]",optuna_tuned:best_config.json(full_model_sibling),gcn,True,0.0036055908285175485,0.05,16,3,False,head,True,1.6633,-2.9971
scaffold,gcn_no_3d_infonce,cep,regression,rmse,5,"[0, 1, 2, 3, 42]",1.1026,0.0364,1.1708,"[1.0818, 1.1432, 1.1415, 1.0731, 1.0735]",optuna_tuned:best_config.json(full_model_sibling),gcn,True,0.009005588897543012,0.0,64,4,True,head,True,0.5593,0.813
scaffold,gcn_no_3d_infonce,esol,regression,rmse,5,"[0, 1, 2, 3, 42]",1.1159,0.0438,1.0806,"[1.1886, 1.0746, 1.0999, 1.1204, 1.0961]",optuna_tuned:best_config.json(full_model_sibling),gcn,True,0.08387167822214522,0.0,16,8,True,head,True,0.8478,0.7225
scaffold,gcn_no_3d_infonce,freesolv,regression,rmse,5,"[0, 1, 2, 3, 42]",2.1982,0.4091,3.1796,"[2.2466, 1.98, 2.877, 2.0643, 1.8231]",optuna_tuned:best_config.json(full_model_sibling),gcn,True,0.0010271807131052074,0.0,64,6,True,head,True,1.7203,0.6243
scaffold,gcn_no_3d_infonce,lipo,regression,rmse,5,"[0, 1, 2, 3, 42]",0.7329,0.0157,0.7422,"[0.749, 0.7164, 0.7163, 0.7367, 0.7458]",optuna_tuned:best_config.json(full_model_sibling),gcn,True,0.0010271807131052074,0.0,64,6,True,head,True,0.5634,0.5592
scaffold,gcn_no_3d_infonce,malaria,regression,rmse,5,"[0, 1, 2, 3, 42]",1.9345,0.0228,0.6604,"[1.9561, 1.8995, 1.9446, 1.9479, 1.9242]",optuna_tuned:best_config.json(full_model_sibling),gcn,True,0.0036055908285175485,0.0,16,3,True,head,True,1.6451,-2.9397
scaffold,gcn_no_3d_infonce_codebook,cep,regression,rmse,5,"[0, 1, 2, 3, 42]",1.1029,0.0049,1.1499,"[1.0977, 1.1108, 1.1007, 1.1037, 1.1016]",optuna_tuned:best_config.json(full_model_sibling),gcn,True,0.009005588897543012,0.0,0,0,True,head,True,0.5376,0.813
scaffold,gcn_no_3d_infonce_codebook,esol,regression,rmse,5,"[0, 1, 2, 3, 42]",1.138,0.0319,1.0814,"[1.1207, 1.187, 1.1438, 1.137, 1.1014]",optuna_tuned:best_config.json(full_model_sibling),gcn,True,0.08387167822214522,0.0,0,0,True,head,True,0.8955,0.7116
scaffold,gcn_no_3d_infonce_codebook,freesolv,regression,rmse,5,"[0, 1, 2, 3, 42]",2.1006,0.0766,3.5278,"[2.0263, 2.0279, 2.1666, 2.091, 2.1913]",optuna_tuned:best_config.json(full_model_sibling),gcn,True,0.0010271807131052074,0.0,0,0,True,head,True,1.59,0.6658
scaffold,gcn_no_3d_infonce_codebook,lipo,regression,rmse,5,"[0, 1, 2, 3, 42]",0.7102,0.0177,0.7455,"[0.6915, 0.727, 0.7156, 0.7256, 0.6915]",optuna_tuned:best_config.json(full_model_sibling),gcn,True,0.0010271807131052074,0.0,0,0,True,head,True,0.5481,0.5859
scaffold,gcn_no_3d_infonce_codebook,malaria,regression,rmse,5,"[0, 1, 2, 3, 42]",1.973,0.0272,0.6698,"[1.9995, 1.9532, 1.9499, 1.9567, 2.0055]",optuna_tuned:best_config.json(full_model_sibling),gcn,True,0.0036055908285175485,0.0,0,0,True,head,True,1.6951,-3.0983
scaffold,gcn_no_3d_infonce_codebook_fp,cep,regression,rmse,5,"[0, 1, 2, 3, 42]",1.3717,0.0348,1.4407,"[1.3692, 1.4121, 1.3357, 1.4016, 1.3399]",optuna_tuned:best_config.json(full_model_sibling),gcn,True,0.009005588897543012,0.0,0,0,False,head,True,0.8702,0.7106
scaffold,gcn_no_3d_infonce_codebook_fp,esol,regression,rmse,5,"[0, 1, 2, 3, 42]",1.4254,0.0708,1.3264,"[1.3293, 1.5081, 1.4774, 1.3901, 1.4222]",optuna_tuned:best_config.json(full_model_sibling),gcn,True,0.08387167822214522,0.0,0,0,False,head,True,1.1312,0.5469
scaffold,gcn_no_3d_infonce_codebook_fp,freesolv,regression,rmse,5,"[0, 1, 2, 3, 42]",2.6813,0.1968,3.9315,"[2.6858, 2.3897, 2.9196, 2.7826, 2.6289]",optuna_tuned:best_config.json(full_model_sibling),gcn,True,0.0010271807131052074,0.0,0,0,False,head,True,2.0191,0.4537
scaffold,gcn_no_3d_infonce_codebook_fp,lipo,regression,rmse,5,"[0, 1, 2, 3, 42]",0.8995,0.0199,0.9245,"[0.9218, 0.9007, 0.8704, 0.9126, 0.8917]",optuna_tuned:best_config.json(full_model_sibling),gcn,True,0.0010271807131052074,0.0,0,0,False,head,True,0.7095,0.3359
scaffold,gcn_no_3d_infonce_codebook_fp,malaria,regression,rmse,5,"[0, 1, 2, 3, 42]",2.0105,0.01,0.6805,"[2.0276, 2.0071, 2.0078, 2.0088, 2.0014]",optuna_tuned:best_config.json(full_model_sibling),gcn,True,0.0036055908285175485,0.0,0,0,False,head,True,1.733,-3.2553
scaffold,gcn_no_3d_infonce_fp,cep,regression,rmse,5,"[0, 1, 2, 3, 42]",1.4266,0.02,1.5008,"[1.4031, 1.4532, 1.4164, 1.4201, 1.4403]",optuna_tuned:best_config.json(full_model_sibling),gcn,True,0.009005588897543012,0.0,64,4,False,head,True,0.9272,0.6871
scaffold,gcn_no_3d_infonce_fp,esol,regression,rmse,5,"[0, 1, 2, 3, 42]",1.3206,0.0228,1.3204,"[1.3092, 1.3607, 1.3045, 1.315, 1.3138]",optuna_tuned:best_config.json(full_model_sibling),gcn,True,0.08387167822214522,0.0,16,8,False,head,True,1.0425,0.6117
scaffold,gcn_no_3d_infonce_fp,freesolv,regression,rmse,5,"[0, 1, 2, 3, 42]",2.685,0.3288,3.9294,"[2.9736, 2.5024, 3.1046, 2.3923, 2.4523]",optuna_tuned:best_config.json(full_model_sibling),gcn,True,0.0010271807131052074,0.0,64,6,False,head,True,2.0657,0.448
scaffold,gcn_no_3d_infonce_fp,lipo,regression,rmse,5,"[0, 1, 2, 3, 42]",0.9149,0.0213,0.9164,"[0.9365, 0.9378, 0.9086, 0.9014, 0.8902]",optuna_tuned:best_config.json(full_model_sibling),gcn,True,0.0010271807131052074,0.0,64,6,False,head,True,0.7062,0.3129
scaffold,gcn_no_3d_infonce_fp,malaria,regression,rmse,5,"[0, 1, 2, 3, 42]",1.9492,0.0225,0.6572,"[1.9536, 1.9771, 1.9467, 1.9539, 1.9146]",optuna_tuned:best_config.json(full_model_sibling),gcn,True,0.0036055908285175485,0.0,16,3,False,head,True,1.6635,-2.9999
scaffold,gcn_no_codebook,cep,regression,rmse,5,"[0, 1, 2, 3, 42]",1.0984,0.028,1.1528,"[1.0762, 1.1085, 1.0688, 1.0991, 1.1393]",optuna_tuned:best_config.json(full_model_sibling),gcn,False,0.009005588897543012,0.1,0,0,True,head,True,0.5154,0.8145
scaffold,gcn_no_codebook,esol,regression,rmse,5,"[0, 1, 2, 3, 42]",0.9305,0.0191,0.8903,"[0.9356, 0.9442, 0.9, 0.9252, 0.9476]",optuna_tuned:best_config.json(full_model_sibling),gcn,False,0.08387167822214522,0.02,0,0,True,head,True,0.7027,0.8072
scaffold,gcn_no_codebook,freesolv,regression,rmse,5,"[0, 1, 2, 3, 42]",2.3373,0.1506,3.5158,"[2.3246, 2.3714, 2.365, 2.5217, 2.1036]",optuna_tuned:best_config.json(full_model_sibling),gcn,False,0.0010271807131052074,0.1,0,0,True,head,True,1.8056,0.5853
scaffold,gcn_no_codebook,lipo,regression,rmse,5,"[0, 1, 2, 3, 42]",0.7113,0.012,0.7381,"[0.7064, 0.7162, 0.7217, 0.6925, 0.7195]",optuna_tuned:best_config.json(full_model_sibling),gcn,False,0.0010271807131052074,0.1,0,0,True,head,True,0.55,0.5848
scaffold,gcn_no_codebook,malaria,regression,rmse,5,"[0, 1, 2, 3, 42]",1.9588,0.0125,0.6708,"[1.9736, 1.9544, 1.9406, 1.9662, 1.9592]",optuna_tuned:best_config.json(full_model_sibling),gcn,False,0.0036055908285175485,0.05,0,0,True,head,True,1.6772,-3.0391
scaffold,gcn_no_codebook_fp,cep,regression,rmse,5,"[0, 1, 2, 3, 42]",1.3024,0.0192,1.3656,"[1.3136, 1.2907, 1.3026, 1.3272, 1.278]",optuna_tuned:best_config.json(full_model_sibling),gcn,False,0.009005588897543012,0.1,0,0,False,head,True,0.7966,0.7392
scaffold,gcn_no_codebook_fp,esol,regression,rmse,5,"[0, 1, 2, 3, 42]",0.932,0.0376,0.9125,"[0.9167, 0.9844, 0.9161, 0.8881, 0.9544]",optuna_tuned:best_config.json(full_model_sibling),gcn,False,0.08387167822214522,0.02,0,0,False,head,True,0.696,0.8064
scaffold,gcn_no_codebook_fp,freesolv,regression,rmse,5,"[0, 1, 2, 3, 42]",2.673,0.258,4.1248,"[2.5076, 2.473, 2.8756, 3.0232, 2.4856]",optuna_tuned:best_config.json(full_model_sibling),gcn,False,0.0010271807131052074,0.1,0,0,False,head,True,2.0212,0.4554
scaffold,gcn_no_codebook_fp,lipo,regression,rmse,5,"[0, 1, 2, 3, 42]",0.8795,0.0058,0.8851,"[0.8875, 0.8828, 0.8723, 0.8781, 0.8768]",optuna_tuned:best_config.json(full_model_sibling),gcn,False,0.0010271807131052074,0.1,0,0,False,head,True,0.6794,0.3653
scaffold,gcn_no_codebook_fp,malaria,regression,rmse,5,"[0, 1, 2, 3, 42]",2.0093,0.0106,0.6955,"[2.0272, 2.0023, 2.0017, 2.0049, 2.0102]",optuna_tuned:best_config.json(full_model_sibling),gcn,False,0.0036055908285175485,0.05,0,0,False,head,True,1.7301,-3.25
scaffold,gcn_no_fp,cep,regression,rmse,5,"[0, 1, 2, 3, 42]",1.3171,0.0231,1.3742,"[1.3147, 1.3075, 1.2848, 1.3408, 1.3376]",optuna_tuned:best_config.json(full_model_sibling),gcn,False,0.009005588897543012,0.1,64,4,False,head,True,0.803,0.7333
scaffold,gcn_no_fp,esol,regression,rmse,5,"[0, 1, 2, 3, 42]",0.924,0.0342,0.9264,"[0.9531, 0.9075, 0.8793, 0.917, 0.9629]",optuna_tuned:best_config.json(full_model_sibling),gcn,False,0.08387167822214522,0.02,16,8,False,head,True,0.701,0.8098
scaffold,gcn_no_fp,freesolv,regression,rmse,5,"[0, 1, 2, 3, 42]",2.6706,0.2164,4.3086,"[2.7403, 2.5575, 2.8773, 2.8275, 2.3506]",optuna_tuned:best_config.json(full_model_sibling),gcn,False,0.0010271807131052074,0.1,64,6,False,head,True,2.0134,0.4575
scaffold,gcn_no_fp,lipo,regression,rmse,5,"[0, 1, 2, 3, 42]",0.8884,0.0267,0.9051,"[0.889, 0.928, 0.8614, 0.8667, 0.8968]",optuna_tuned:best_config.json(full_model_sibling),gcn,False,0.0010271807131052074,0.1,64,6,False,head,True,0.6921,0.3519
scaffold,gcn_no_fp,malaria,regression,rmse,5,"[0, 1, 2, 3, 42]",1.9613,0.0129,0.677,"[1.9559, 1.9734, 1.9607, 1.9738, 1.943]",optuna_tuned:best_config.json(full_model_sibling),gcn,False,0.0036055908285175485,0.05,16,3,False,head,True,1.6799,-3.0497
scaffold,gcn_no_infonce,cep,regression,rmse,5,"[0, 1, 2, 3, 42]",1.0692,0.026,1.1375,"[1.0664, 1.0569, 1.0422, 1.1119, 1.0688]",optuna_tuned:best_config.json(full_model_sibling),gcn,False,0.009005588897543012,0.0,64,4,True,head,True,0.5327,0.8242
scaffold,gcn_no_infonce,esol,regression,rmse,5,"[0, 1, 2, 3, 42]",0.891,0.0399,0.9277,"[0.9492, 0.8591, 0.89, 0.9069, 0.8497]",optuna_tuned:best_config.json(full_model_sibling),gcn,False,0.08387167822214522,0.0,16,8,True,head,True,0.676,0.823
scaffold,gcn_no_infonce,freesolv,regression,rmse,5,"[0, 1, 2, 3, 42]",2.012,0.2672,3.1869,"[2.3305, 1.9634, 2.2409, 1.813, 1.7123]",optuna_tuned:best_config.json(full_model_sibling),gcn,False,0.0010271807131052074,0.0,64,6,True,head,True,1.5552,0.6894
scaffold,gcn_no_infonce,lipo,regression,rmse,5,"[0, 1, 2, 3, 42]",0.7281,0.0213,0.7537,"[0.7208, 0.7224, 0.7005, 0.7565, 0.7404]",optuna_tuned:best_config.json(full_model_sibling),gcn,False,0.0010271807131052074,0.0,64,6,True,head,True,0.5608,0.5647
scaffold,gcn_no_infonce,malaria,regression,rmse,5,"[0, 1, 2, 3, 42]",1.9498,0.0164,0.6695,"[1.9722, 1.9453, 1.9603, 1.9402, 1.9312]",optuna_tuned:best_config.json(full_model_sibling),gcn,False,0.0036055908285175485,0.0,16,3,True,head,True,1.6672,-3.0023
scaffold,gcn_no_infonce_codebook,cep,regression,rmse,5,"[0, 1, 2, 3, 42]",1.0942,0.0228,1.1562,"[1.1007, 1.131, 1.075, 1.0861, 1.0784]",optuna_tuned:best_config.json(full_model_sibling),gcn,False,0.009005588897543012,0.0,0,0,True,head,True,0.5293,0.8159
scaffold,gcn_no_infonce_codebook,esol,regression,rmse,5,"[0, 1, 2, 3, 42]",0.9297,0.0265,0.8843,"[0.9331, 0.9353, 0.8901, 0.9263, 0.964]",optuna_tuned:best_config.json(full_model_sibling),gcn,False,0.08387167822214522,0.0,0,0,True,head,True,0.7,0.8075
scaffold,gcn_no_infonce_codebook,freesolv,regression,rmse,5,"[0, 1, 2, 3, 42]",2.2656,0.1943,3.487,"[2.3145, 2.3101, 2.5427, 2.104, 2.0566]",optuna_tuned:best_config.json(full_model_sibling),gcn,False,0.0010271807131052074,0.0,0,0,True,head,True,1.7597,0.6094
scaffold,gcn_no_infonce_codebook,lipo,regression,rmse,5,"[0, 1, 2, 3, 42]",0.7098,0.0104,0.7368,"[0.7066, 0.724, 0.7115, 0.6951, 0.7118]",optuna_tuned:best_config.json(full_model_sibling),gcn,False,0.0010271807131052074,0.0,0,0,True,head,True,0.5442,0.5865
scaffold,gcn_no_infonce_codebook,malaria,regression,rmse,5,"[0, 1, 2, 3, 42]",1.9591,0.0119,0.6711,"[1.9734, 1.9544, 1.9419, 1.9661, 1.9595]",optuna_tuned:best_config.json(full_model_sibling),gcn,False,0.0036055908285175485,0.0,0,0,True,head,True,1.6776,-3.0402
scaffold,gcn_no_infonce_codebook_fp,cep,regression,rmse,5,"[0, 1, 2, 3, 42]",1.3239,0.0358,1.3895,"[1.3092, 1.297, 1.355, 1.3688, 1.2892]",optuna_tuned:best_config.json(full_model_sibling),gcn,False,0.009005588897543012,0.0,0,0,False,head,True,0.8208,0.7304
scaffold,gcn_no_infonce_codebook_fp,esol,regression,rmse,5,"[0, 1, 2, 3, 42]",0.9361,0.0311,0.9166,"[0.9286, 0.971, 0.9399, 0.8881, 0.9526]",optuna_tuned:best_config.json(full_model_sibling),gcn,False,0.08387167822214522,0.0,0,0,False,head,True,0.7002,0.8048
scaffold,gcn_no_infonce_codebook_fp,freesolv,regression,rmse,5,"[0, 1, 2, 3, 42]",2.7644,0.2062,4.1108,"[2.511, 2.9235, 2.8151, 2.9824, 2.5901]",optuna_tuned:best_config.json(full_model_sibling),gcn,False,0.0010271807131052074,0.0,0,0,False,head,True,2.1103,0.4192
scaffold,gcn_no_infonce_codebook_fp,lipo,regression,rmse,5,"[0, 1, 2, 3, 42]",0.8826,0.0086,0.8898,"[0.8931, 0.8882, 0.8754, 0.8839, 0.8725]",optuna_tuned:best_config.json(full_model_sibling),gcn,False,0.0010271807131052074,0.0,0,0,False,head,True,0.6812,0.3607
scaffold,gcn_no_infonce_codebook_fp,malaria,regression,rmse,5,"[0, 1, 2, 3, 42]",2.0096,0.0101,0.6959,"[2.0265, 2.0019, 2.0026, 2.0065, 2.0104]",optuna_tuned:best_config.json(full_model_sibling),gcn,False,0.0036055908285175485,0.0,0,0,False,head,True,1.7305,-3.2513
scaffold,gcn_no_infonce_fp,cep,regression,rmse,5,"[0, 1, 2, 3, 42]",1.3125,0.0364,1.3629,"[1.3335, 1.3094, 1.2766, 1.3628, 1.2802]",optuna_tuned:best_config.json(full_model_sibling),gcn,False,0.009005588897543012,0.0,64,4,False,head,True,0.8041,0.735
scaffold,gcn_no_infonce_fp,esol,regression,rmse,5,"[0, 1, 2, 3, 42]",0.9165,0.0275,0.9287,"[0.9512, 0.9092, 0.8781, 0.9111, 0.9326]",optuna_tuned:best_config.json(full_model_sibling),gcn,False,0.08387167822214522,0.0,16,8,False,head,True,0.6963,0.8129
scaffold,gcn_no_infonce_fp,freesolv,regression,rmse,5,"[0, 1, 2, 3, 42]",2.6166,0.1702,4.2864,"[2.75, 2.5561, 2.6607, 2.7648, 2.3512]",optuna_tuned:best_config.json(full_model_sibling),gcn,False,0.0010271807131052074,0.0,64,6,False,head,True,1.9459,0.4803
scaffold,gcn_no_infonce_fp,lipo,regression,rmse,5,"[0, 1, 2, 3, 42]",0.8827,0.0236,0.9146,"[0.9135, 0.8907, 0.8543, 0.864, 0.8909]",optuna_tuned:best_config.json(full_model_sibling),gcn,False,0.0010271807131052074,0.0,64,6,False,head,True,0.6904,0.3603
scaffold,gcn_no_infonce_fp,malaria,regression,rmse,5,"[0, 1, 2, 3, 42]",1.9605,0.0123,0.6769,"[1.9549, 1.9714, 1.9591, 1.9735, 1.9438]",optuna_tuned:best_config.json(full_model_sibling),gcn,False,0.0036055908285175485,0.0,16,3,False,head,True,1.68,-3.0463
scaffold,gine_full_model,cep,regression,rmse,5,"[0, 1, 2, 3, 42]",1.1944,0.023,1.2075,"[1.2254, 1.1787, 1.1683, 1.1905, 1.2092]",optuna_tuned:best_config.json,gine,False,0.08387167822214522,0.02,16,8,True,head,True,0.6278,0.7806
scaffold,gine_full_model,esol,regression,rmse,5,"[0, 1, 2, 3, 42]",0.8943,0.0078,0.861,"[0.8913, 0.8881, 0.8975, 0.8883, 0.9064]",optuna_tuned:best_config.json,gine,False,0.08387167822214522,0.02,16,8,True,head,True,0.6804,0.822
scaffold,gine_full_model,freesolv,regression,rmse,5,"[0, 1, 2, 3, 42]",2.643,0.2507,2.6943,"[2.644, 2.3665, 2.7922, 2.9751, 2.4371]",optuna_tuned:best_config.json,gine,False,0.1123432633313849,0.05,64,4,True,head,True,1.7736,0.4677
scaffold,gine_full_model,lipo,regression,rmse,5,"[0, 1, 2, 3, 42]",0.7331,0.0199,0.7431,"[0.7279, 0.7333, 0.705, 0.7391, 0.7602]",optuna_tuned:best_config.json,gine,False,0.0010271807131052074,0.1,64,6,True,head,True,0.5613,0.5588
scaffold,gine_full_model,malaria,regression,rmse,5,"[0, 1, 2, 3, 42]",1.9007,0.1042,0.63,"[1.7266, 1.9599, 1.9719, 1.8799, 1.965]",optuna_tuned:best_config.json,gine,False,0.0010271807131052074,0.1,64,6,True,head,True,1.6303,-2.812
scaffold,gine_no_3d,cep,regression,rmse,5,"[0, 1, 2, 3, 42]",1.1286,0.0474,1.1443,"[1.154, 1.1403, 1.133, 1.1685, 1.0473]",optuna_tuned:best_config.json(full_model_sibling),gine,True,0.08387167822214522,0.02,16,8,True,head,True,0.5881,0.8039
scaffold,gine_no_3d,esol,regression,rmse,5,"[0, 1, 2, 3, 42]",1.0817,0.0583,1.101,"[1.08, 1.0363, 1.0142, 1.1528, 1.1254]",optuna_tuned:best_config.json(full_model_sibling),gine,True,0.08387167822214522,0.02,16,8,True,head,True,0.821,0.7389
scaffold,gine_no_3d,freesolv,regression,rmse,5,"[0, 1, 2, 3, 42]",3.2813,0.3447,2.9926,"[3.7312, 3.0866, 3.3622, 2.82, 3.4063]",optuna_tuned:best_config.json(full_model_sibling),gine,True,0.1123432633313849,0.05,64,4,True,head,True,2.1782,0.1782
scaffold,gine_no_3d,lipo,regression,rmse,5,"[0, 1, 2, 3, 42]",0.7315,0.0217,0.7334,"[0.7045, 0.743, 0.7603, 0.732, 0.7175]",optuna_tuned:best_config.json(full_model_sibling),gine,True,0.0010271807131052074,0.1,64,6,True,head,True,0.5559,0.5607
scaffold,gine_no_3d,malaria,regression,rmse,5,"[0, 1, 2, 3, 42]",1.8992,0.0625,0.5918,"[1.9079, 1.8235, 1.9338, 1.8518, 1.9789]",optuna_tuned:best_config.json(full_model_sibling),gine,True,0.0010271807131052074,0.1,64,6,True,head,True,1.6294,-2.8001
scaffold,gine_no_3d_codebook,cep,regression,rmse,2,"[1, 42]",1.0965,0.0177,1.1474,"[1.109, 1.084]",optuna_tuned:best_config.json(full_model_sibling),gine,True,0.08387167822214522,0.02,0,0,True,head,True,0.5746,0.8151
scaffold,gine_no_3d_codebook,esol,regression,rmse,2,"[1, 42]",1.0702,0.0015,1.1283,"[1.0691, 1.0712]",optuna_tuned:best_config.json(full_model_sibling),gine,True,0.08387167822214522,0.02,0,0,True,head,True,0.8043,0.7451
scaffold,gine_no_3d_codebook,freesolv,regression,rmse,2,"[0, 3]",2.9973,0.4249,3.4538,"[3.2978, 2.6968]",optuna_tuned:best_config.json(full_model_sibling),gine,True,0.1123432633313849,0.05,0,0,True,head,True,1.9954,0.3135
scaffold,gine_no_3d_codebook,lipo,regression,rmse,2,"[0, 3]",0.73,0.0131,0.7375,"[0.7208, 0.7393]",optuna_tuned:best_config.json(full_model_sibling),gine,True,0.0010271807131052074,0.1,0,0,True,head,True,0.5489,0.5626
scaffold,gine_no_3d_codebook,malaria,regression,rmse,2,"[0, 3]",1.8285,0.1047,0.5843,"[1.7545, 1.9026]",optuna_tuned:best_config.json(full_model_sibling),gine,True,0.0010271807131052074,0.1,0,0,True,head,True,1.535,-2.5255
scaffold,gine_no_3d_fp,cep,regression,rmse,2,"[1, 42]",1.1645,0.0229,1.209,"[1.1483, 1.1807]",optuna_tuned:best_config.json(full_model_sibling),gine,True,0.08387167822214522,0.02,16,8,False,head,True,0.6528,0.7915
scaffold,gine_no_3d_fp,esol,regression,rmse,2,"[1, 42]",1.1391,0.0553,1.1895,"[1.1001, 1.1782]",optuna_tuned:best_config.json(full_model_sibling),gine,True,0.08387167822214522,0.02,16,8,False,head,True,0.8862,0.7108
scaffold,gine_no_3d_fp,freesolv,regression,rmse,2,"[0, 3]",3.3022,0.0417,2.8968,"[3.2727, 3.3317]",optuna_tuned:best_config.json(full_model_sibling),gine,True,0.1123432633313849,0.05,64,4,False,head,True,2.1782,0.1749
scaffold,gine_no_3d_fp,lipo,regression,rmse,2,"[0, 3]",0.8668,0.0646,0.8656,"[0.8211, 0.9125]",optuna_tuned:best_config.json(full_model_sibling),gine,True,0.0010271807131052074,0.1,64,6,False,head,True,0.6575,0.3818
scaffold,gine_no_3d_fp,malaria,regression,rmse,2,"[0, 3]",1.8871,0.0055,0.5859,"[1.8832, 1.891]",optuna_tuned:best_config.json(full_model_sibling),gine,True,0.0010271807131052074,0.1,64,6,False,head,True,1.602,-2.7487
scaffold,gine_no_3d_infonce,cep,regression,rmse,2,"[1, 42]",1.1074,0.0055,1.171,"[1.1035, 1.1112]",optuna_tuned:best_config.json(full_model_sibling),gine,True,0.08387167822214522,0.0,16,8,True,head,True,0.57,0.8115
scaffold,gine_no_3d_infonce,esol,regression,rmse,3,"[1, 2, 42]",1.0469,0.0316,1.108,"[1.0815, 1.0197, 1.0395]",optuna_tuned:best_config.json(full_model_sibling),gine,True,0.08387167822214522,0.0,16,8,True,head,True,0.8099,0.7559
scaffold,gine_no_3d_infonce,freesolv,regression,rmse,4,"[0, 1, 3, 42]",3.4191,0.6533,3.0752,"[3.3366, 3.0175, 2.9558, 4.3665]",optuna_tuned:best_config.json(full_model_sibling),gine,True,0.1123432633313849,0.0,64,4,True,head,True,2.3483,0.0913
scaffold,gine_no_3d_infonce,lipo,regression,rmse,4,"[0, 1, 3, 42]",0.7274,0.0142,0.7355,"[0.7277, 0.7182, 0.7474, 0.7164]",optuna_tuned:best_config.json(full_model_sibling),gine,True,0.0010271807131052074,0.0,64,6,True,head,True,0.5508,0.5657
scaffold,gine_no_3d_infonce,malaria,regression,rmse,4,"[0, 1, 3, 42]",1.8848,0.0871,0.6116,"[1.9651, 1.7742, 1.8576, 1.9424]",optuna_tuned:best_config.json(full_model_sibling),gine,True,0.0010271807131052074,0.0,64,6,True,head,True,1.6145,-2.7457
scaffold,gine_no_codebook,cep,regression,rmse,5,"[0, 1, 2, 3, 42]",1.1484,0.0233,1.1543,"[1.1315, 1.1332, 1.1879, 1.1509, 1.1384]",optuna_tuned:best_config.json(full_model_sibling),gine,False,0.08387167822214522,0.02,0,0,True,head,True,0.5866,0.7972
scaffold,gine_no_codebook,esol,regression,rmse,5,"[0, 1, 2, 3, 42]",0.969,0.0246,0.8735,"[0.9582, 0.9308, 0.9844, 0.9813, 0.9903]",optuna_tuned:best_config.json(full_model_sibling),gine,False,0.08387167822214522,0.02,0,0,True,head,True,0.7207,0.7909
scaffold,gine_no_codebook,freesolv,regression,rmse,5,"[0, 1, 2, 3, 42]",2.7838,0.1079,3.7857,"[2.7254, 2.7964, 2.6322, 2.8985, 2.8664]",optuna_tuned:best_config.json(full_model_sibling),gine,False,0.1123432633313849,0.05,0,0,True,head,True,1.8515,0.413
scaffold,gine_no_codebook,lipo,regression,rmse,5,"[0, 1, 2, 3, 42]",0.7144,0.015,0.7355,"[0.7027, 0.7133, 0.697, 0.73, 0.7291]",optuna_tuned:best_config.json(full_model_sibling),gine,False,0.0010271807131052074,0.1,0,0,True,head,True,0.5527,0.5811
scaffold,gine_no_codebook,malaria,regression,rmse,5,"[0, 1, 2, 3, 42]",1.8025,0.0608,0.5867,"[1.7667, 1.8071, 1.8149, 1.893, 1.731]",optuna_tuned:best_config.json(full_model_sibling),gine,False,0.0010271807131052074,0.1,0,0,True,head,True,1.5089,-2.4234
scaffold,gine_no_fp,cep,regression,rmse,3,"[1, 2, 42]",1.1634,0.017,1.2239,"[1.1668, 1.145, 1.1785]",optuna_tuned:best_config.json(full_model_sibling),gine,False,0.08387167822214522,0.02,16,8,False,head,True,0.6454,0.7919
scaffold,gine_no_fp,esol,regression,rmse,5,"[0, 1, 2, 3, 42]",0.9029,0.0068,0.8837,"[0.8983, 0.9032, 0.911, 0.9078, 0.8942]",optuna_tuned:best_config.json(full_model_sibling),gine,False,0.08387167822214522,0.02,16,8,False,head,True,0.6807,0.8185
scaffold,gine_no_fp,freesolv,regression,rmse,5,"[0, 1, 2, 3, 42]",2.9066,0.2056,2.8747,"[3.0142, 2.95, 2.6196, 2.7959, 3.1535]",optuna_tuned:best_config.json(full_model_sibling),gine,False,0.1123432633313849,0.05,64,4,False,head,True,1.9446,0.3582
scaffold,gine_no_fp,lipo,regression,rmse,5,"[0, 1, 2, 3, 42]",0.8557,0.0316,0.8707,"[0.8506, 0.8471, 0.9076, 0.8521, 0.8213]",optuna_tuned:best_config.json(full_model_sibling),gine,False,0.0010271807131052074,0.1,64,6,False,head,True,0.6657,0.3985
scaffold,gine_no_fp,malaria,regression,rmse,4,"[0, 1, 3, 42]",1.8892,0.0499,0.6024,"[1.8544, 1.9567, 1.8488, 1.8971]",optuna_tuned:best_config.json(full_model_sibling),gine,False,0.0010271807131052074,0.1,64,6,False,head,True,1.6156,-2.7592
scaffold,gine_no_infonce,cep,regression,rmse,5,"[0, 1, 2, 3, 42]",1.1835,0.0191,1.1996,"[1.1771, 1.1955, 1.1725, 1.2101, 1.1622]",optuna_tuned:best_config.json(full_model_sibling),gine,False,0.08387167822214522,0.0,16,8,True,head,True,0.6425,0.7847
scaffold,gine_no_infonce,esol,regression,rmse,5,"[0, 1, 2, 3, 42]",0.8993,0.03,0.8683,"[0.9166, 0.8687, 0.941, 0.8749, 0.8953]",optuna_tuned:best_config.json(full_model_sibling),gine,False,0.08387167822214522,0.0,16,8,True,head,True,0.6805,0.8198
scaffold,gine_no_infonce,freesolv,regression,rmse,5,"[0, 1, 2, 3, 42]",2.5196,0.2021,2.927,"[2.3725, 2.3455, 2.4931, 2.5351, 2.852]",optuna_tuned:best_config.json(full_model_sibling),gine,False,0.1123432633313849,0.0,64,4,True,head,True,1.7686,0.5172
scaffold,gine_no_infonce,lipo,regression,rmse,5,"[0, 1, 2, 3, 42]",0.7068,0.009,0.7387,"[0.7073, 0.698, 0.7105, 0.6984, 0.7196]",optuna_tuned:best_config.json(full_model_sibling),gine,False,0.0010271807131052074,0.0,64,6,True,head,True,0.5467,0.5901
scaffold,gine_no_infonce,malaria,regression,rmse,5,"[0, 1, 2, 3, 42]",1.9376,0.0392,0.6394,"[1.9672, 1.9299, 1.9284, 1.8811, 1.9816]",optuna_tuned:best_config.json(full_model_sibling),gine,False,0.0010271807131052074,0.0,64,6,True,head,True,1.6614,-2.9534
scaffold,gine_no_infonce_codebook,cep,regression,rmse,2,"[1, 42]",1.1082,0.0247,1.1463,"[1.0907, 1.1257]",optuna_tuned:best_config.json(full_model_sibling),gine,False,0.08387167822214522,0.0,0,0,True,head,True,0.5859,0.8112
scaffold,gine_no_infonce_codebook,esol,regression,rmse,2,"[1, 42]",0.9311,0.0305,0.8369,"[0.9095, 0.9526]",optuna_tuned:best_config.json(full_model_sibling),gine,False,0.08387167822214522,0.0,0,0,True,head,True,0.6932,0.8069
scaffold,gine_no_infonce_codebook,freesolv,regression,rmse,2,"[0, 3]",2.9468,0.0069,3.8351,"[2.9517, 2.9419]",optuna_tuned:best_config.json(full_model_sibling),gine,False,0.1123432633313849,0.0,0,0,True,head,True,1.9455,0.343
scaffold,gine_no_infonce_codebook,lipo,regression,rmse,2,"[0, 3]",0.7202,0.0277,0.7348,"[0.7006, 0.7398]",optuna_tuned:best_config.json(full_model_sibling),gine,False,0.0010271807131052074,0.0,0,0,True,head,True,0.5498,0.5741
scaffold,gine_no_infonce_codebook,malaria,regression,rmse,2,"[0, 3]",1.8468,0.0637,0.5885,"[1.8017, 1.8918]",optuna_tuned:best_config.json(full_model_sibling),gine,False,0.0010271807131052074,0.0,0,0,True,head,True,1.54,-2.5924
