ablation,dataset,split_protocol,task_type,metric_name,n_seeds,mean_test_metric,std_test_metric,ci95_lower,ci95_upper,ci95_margin,per_seed_metrics,config_source,mean_test_mae,mean_test_r2,train_test_shift_sd,r2_reliable
gcn_full_model,esol,scaffold,regression,rmse,5,0.8908,0.0446,0.8354,0.9461,0.0553,"[0.8385, 0.8542, 0.8935, 0.9244, 0.9431]",optuna_tuned:best_config.json,0.6771,0.823,0.45,True
gcn_full_model,freesolv,scaffold,regression,rmse,5,1.9913,0.2362,1.6981,2.2846,0.2933,"[1.6957, 1.8647, 1.9984, 2.0694, 2.3283]",optuna_tuned:best_config.json,1.5607,0.6966,0.8,True
gcn_full_model,lipo,scaffold,regression,rmse,5,0.7177,0.015,0.699,0.7364,0.0187,"[0.6984, 0.7087, 0.7159, 0.7325, 0.7329]",optuna_tuned:best_config.json,0.5511,0.5772,0.166,True
gcn_full_model,cep,scaffold,regression,rmse,5,1.0716,0.0147,1.0533,1.0899,0.0183,"[1.0582, 1.0611, 1.0637, 1.0848, 1.0901]",optuna_tuned:best_config.json,0.5041,0.8235,0.011,True
gcn_full_model,malaria,scaffold,regression,rmse,5,1.9499,0.017,1.9288,1.9709,0.0211,"[1.9315, 1.9394, 1.9443, 1.9607, 1.9734]",optuna_tuned:best_config.json,1.6669,-3.0025,1.585,False
gcn_no_3d,esol,scaffold,regression,rmse,5,1.1159,0.0228,1.0876,1.1443,0.0283,"[1.0816, 1.1117, 1.1171, 1.1248, 1.1444]",optuna_tuned:best_config.json(full_model_sibling),0.8559,0.7227,0.45,True
gcn_no_3d,freesolv,scaffold,regression,rmse,5,2.1565,0.4073,1.6508,2.6623,0.5058,"[1.8715, 1.9171, 1.9508, 2.193, 2.8504]",optuna_tuned:best_config.json(full_model_sibling),1.664,0.6381,0.8,True
gcn_no_3d,lipo,scaffold,regression,rmse,5,0.7276,0.0142,0.71,0.7453,0.0177,"[0.7123, 0.7199, 0.7277, 0.7279, 0.7504]",optuna_tuned:best_config.json(full_model_sibling),0.5585,0.5654,0.166,True
gcn_no_3d,cep,scaffold,regression,rmse,5,1.111,0.0179,1.0887,1.1332,0.0222,"[1.0907, 1.0996, 1.1111, 1.1158, 1.1378]",optuna_tuned:best_config.json(full_model_sibling),0.5661,0.8102,0.011,True
gcn_no_3d,malaria,scaffold,regression,rmse,5,1.9381,0.0312,1.8993,1.9769,0.0388,"[1.9, 1.9107, 1.9514, 1.9553, 1.9731]",optuna_tuned:best_config.json(full_model_sibling),1.6493,-2.955,1.585,False
gcn_no_infonce,esol,scaffold,regression,rmse,5,0.891,0.0399,0.8415,0.9405,0.0495,"[0.8497, 0.8591, 0.89, 0.9069, 0.9492]",optuna_tuned:best_config.json(full_model_sibling),0.676,0.823,0.45,True
gcn_no_infonce,freesolv,scaffold,regression,rmse,5,2.012,0.2672,1.6802,2.3438,0.3318,"[1.7123, 1.813, 1.9634, 2.2409, 2.3305]",optuna_tuned:best_config.json(full_model_sibling),1.5552,0.6894,0.8,True
gcn_no_infonce,lipo,scaffold,regression,rmse,5,0.7281,0.0213,0.7018,0.7545,0.0264,"[0.7005, 0.7208, 0.7224, 0.7404, 0.7565]",optuna_tuned:best_config.json(full_model_sibling),0.5608,0.5647,0.166,True
gcn_no_infonce,cep,scaffold,regression,rmse,5,1.0692,0.026,1.0369,1.1016,0.0323,"[1.0422, 1.0569, 1.0664, 1.0688, 1.1119]",optuna_tuned:best_config.json(full_model_sibling),0.5327,0.8242,0.011,True
gcn_no_infonce,malaria,scaffold,regression,rmse,5,1.9498,0.0164,1.9295,1.9701,0.0203,"[1.9312, 1.9402, 1.9453, 1.9603, 1.9722]",optuna_tuned:best_config.json(full_model_sibling),1.6672,-3.0023,1.585,False
gcn_no_codebook,esol,scaffold,regression,rmse,5,0.9305,0.0191,0.9068,0.9543,0.0238,"[0.9, 0.9252, 0.9356, 0.9442, 0.9476]",optuna_tuned:best_config.json(full_model_sibling),0.7027,0.8072,0.45,True
gcn_no_codebook,freesolv,scaffold,regression,rmse,5,2.3373,0.1506,2.1503,2.5242,0.187,"[2.1036, 2.3246, 2.365, 2.3714, 2.5217]",optuna_tuned:best_config.json(full_model_sibling),1.8056,0.5853,0.8,True
gcn_no_codebook,lipo,scaffold,regression,rmse,5,0.7113,0.012,0.6964,0.7262,0.0149,"[0.6925, 0.7064, 0.7162, 0.7195, 0.7217]",optuna_tuned:best_config.json(full_model_sibling),0.55,0.5848,0.166,True
gcn_no_codebook,cep,scaffold,regression,rmse,5,1.0984,0.028,1.0635,1.1332,0.0348,"[1.0688, 1.0762, 1.0991, 1.1085, 1.1393]",optuna_tuned:best_config.json(full_model_sibling),0.5154,0.8145,0.011,True
gcn_no_codebook,malaria,scaffold,regression,rmse,5,1.9588,0.0125,1.9433,1.9743,0.0155,"[1.9406, 1.9544, 1.9592, 1.9662, 1.9736]",optuna_tuned:best_config.json(full_model_sibling),1.6772,-3.0391,1.585,False
gcn_no_fp,esol,scaffold,regression,rmse,5,0.924,0.0342,0.8815,0.9664,0.0425,"[0.8793, 0.9075, 0.917, 0.9531, 0.9629]",optuna_tuned:best_config.json(full_model_sibling),0.701,0.8098,0.45,True
gcn_no_fp,freesolv,scaffold,regression,rmse,5,2.6706,0.2164,2.4019,2.9394,0.2687,"[2.3506, 2.5575, 2.7403, 2.8275, 2.8773]",optuna_tuned:best_config.json(full_model_sibling),2.0134,0.4575,0.8,True
gcn_no_fp,lipo,scaffold,regression,rmse,5,0.8884,0.0267,0.8553,0.9215,0.0331,"[0.8614, 0.8667, 0.889, 0.8968, 0.928]",optuna_tuned:best_config.json(full_model_sibling),0.6921,0.3519,0.166,True
gcn_no_fp,cep,scaffold,regression,rmse,5,1.3171,0.0231,1.2884,1.3457,0.0286,"[1.2848, 1.3075, 1.3147, 1.3376, 1.3408]",optuna_tuned:best_config.json(full_model_sibling),0.803,0.7333,0.011,True
gcn_no_fp,malaria,scaffold,regression,rmse,5,1.9613,0.0129,1.9453,1.9774,0.016,"[1.943, 1.9559, 1.9607, 1.9734, 1.9738]",optuna_tuned:best_config.json(full_model_sibling),1.6799,-3.0497,1.585,False
gcn_no_3d_infonce,esol,scaffold,regression,rmse,5,1.1159,0.0438,1.0616,1.1702,0.0543,"[1.0746, 1.0961, 1.0999, 1.1204, 1.1886]",optuna_tuned:best_config.json(full_model_sibling),0.8478,0.7225,0.45,True
gcn_no_3d_infonce,freesolv,scaffold,regression,rmse,5,2.1982,0.4091,1.6902,2.7061,0.5079,"[1.8231, 1.98, 2.0643, 2.2466, 2.877]",optuna_tuned:best_config.json(full_model_sibling),1.7203,0.6243,0.8,True
gcn_no_3d_infonce,lipo,scaffold,regression,rmse,5,0.7329,0.0157,0.7133,0.7524,0.0195,"[0.7163, 0.7164, 0.7367, 0.7458, 0.749]",optuna_tuned:best_config.json(full_model_sibling),0.5634,0.5592,0.166,True
gcn_no_3d_infonce,cep,scaffold,regression,rmse,5,1.1026,0.0364,1.0573,1.1479,0.0453,"[1.0731, 1.0735, 1.0818, 1.1415, 1.1432]",optuna_tuned:best_config.json(full_model_sibling),0.5593,0.813,0.011,True
gcn_no_3d_infonce,malaria,scaffold,regression,rmse,5,1.9345,0.0228,1.9062,1.9628,0.0283,"[1.8995, 1.9242, 1.9446, 1.9479, 1.9561]",optuna_tuned:best_config.json(full_model_sibling),1.6451,-2.9397,1.585,False
gcn_no_3d_codebook,esol,scaffold,regression,rmse,5,1.1401,0.0241,1.1102,1.17,0.0299,"[1.1041, 1.1325, 1.1446, 1.1499, 1.1693]",optuna_tuned:best_config.json(full_model_sibling),0.899,0.7106,0.45,True
gcn_no_3d_codebook,freesolv,scaffold,regression,rmse,5,2.122,0.0948,2.0042,2.2397,0.1177,"[1.9988, 2.1017, 2.1136, 2.1316, 2.2642]",optuna_tuned:best_config.json(full_model_sibling),1.6057,0.6588,0.8,True
gcn_no_3d_codebook,lipo,scaffold,regression,rmse,5,0.7187,0.005,0.7125,0.7249,0.0062,"[0.7114, 0.7176, 0.7178, 0.7226, 0.7242]",optuna_tuned:best_config.json(full_model_sibling),0.5501,0.5761,0.166,True
gcn_no_3d_codebook,cep,scaffold,regression,rmse,5,1.1095,0.0184,1.0867,1.1324,0.0229,"[1.0804, 1.1054, 1.1114, 1.125, 1.1254]",optuna_tuned:best_config.json(full_model_sibling),0.5588,0.8107,0.011,True
gcn_no_3d_codebook,malaria,scaffold,regression,rmse,5,1.9719,0.0292,1.9356,2.0082,0.0363,"[1.9446, 1.9484, 1.96, 2.0015, 2.005]",optuna_tuned:best_config.json(full_model_sibling),1.6938,-3.0939,1.585,False
gcn_no_3d_fp,esol,scaffold,regression,rmse,5,1.3317,0.0496,1.2701,1.3933,0.0616,"[1.2896, 1.2975, 1.3212, 1.3363, 1.4139]",optuna_tuned:best_config.json(full_model_sibling),1.0546,0.6048,0.45,True
gcn_no_3d_fp,freesolv,scaffold,regression,rmse,5,2.8917,0.3403,2.4692,3.3143,0.4225,"[2.4494, 2.6211, 3.026, 3.1143, 3.2478]",optuna_tuned:best_config.json(full_model_sibling),2.182,0.3603,0.8,True
gcn_no_3d_fp,lipo,scaffold,regression,rmse,5,0.9097,0.02,0.8848,0.9345,0.0248,"[0.8822, 0.9022, 0.9086, 0.9195, 0.9359]",optuna_tuned:best_config.json(full_model_sibling),0.7042,0.3207,0.166,True
gcn_no_3d_fp,cep,scaffold,regression,rmse,5,1.4133,0.0273,1.3794,1.4472,0.0339,"[1.3697, 1.4143, 1.4169, 1.4204, 1.4452]",optuna_tuned:best_config.json(full_model_sibling),0.9153,0.6929,0.011,True
gcn_no_3d_fp,malaria,scaffold,regression,rmse,5,1.9485,0.0228,1.9201,1.9769,0.0284,"[1.9141, 1.945, 1.951, 1.9549, 1.9775]",optuna_tuned:best_config.json(full_model_sibling),1.6633,-2.9971,1.585,False
gcn_no_infonce_codebook,esol,scaffold,regression,rmse,5,0.9297,0.0265,0.8969,0.9626,0.0328,"[0.8901, 0.9263, 0.9331, 0.9353, 0.964]",optuna_tuned:best_config.json(full_model_sibling),0.7,0.8075,0.45,True
gcn_no_infonce_codebook,freesolv,scaffold,regression,rmse,5,2.2656,0.1943,2.0244,2.5068,0.2412,"[2.0566, 2.104, 2.3101, 2.3145, 2.5427]",optuna_tuned:best_config.json(full_model_sibling),1.7597,0.6094,0.8,True
gcn_no_infonce_codebook,lipo,scaffold,regression,rmse,5,0.7098,0.0104,0.6969,0.7227,0.0129,"[0.6951, 0.7066, 0.7115, 0.7118, 0.724]",optuna_tuned:best_config.json(full_model_sibling),0.5442,0.5865,0.166,True
gcn_no_infonce_codebook,cep,scaffold,regression,rmse,5,1.0942,0.0228,1.0659,1.1226,0.0283,"[1.075, 1.0784, 1.0861, 1.1007, 1.131]",optuna_tuned:best_config.json(full_model_sibling),0.5293,0.8159,0.011,True
gcn_no_infonce_codebook,malaria,scaffold,regression,rmse,5,1.9591,0.0119,1.9442,1.9739,0.0148,"[1.9419, 1.9544, 1.9595, 1.9661, 1.9734]",optuna_tuned:best_config.json(full_model_sibling),1.6776,-3.0402,1.585,False
gcn_no_infonce_fp,esol,scaffold,regression,rmse,5,0.9165,0.0275,0.8823,0.9506,0.0341,"[0.8781, 0.9092, 0.9111, 0.9326, 0.9512]",optuna_tuned:best_config.json(full_model_sibling),0.6963,0.8129,0.45,True
gcn_no_infonce_fp,freesolv,scaffold,regression,rmse,5,2.6166,0.1702,2.4053,2.8279,0.2113,"[2.3512, 2.5561, 2.6607, 2.75, 2.7648]",optuna_tuned:best_config.json(full_model_sibling),1.9459,0.4803,0.8,True
gcn_no_infonce_fp,lipo,scaffold,regression,rmse,5,0.8827,0.0236,0.8534,0.912,0.0293,"[0.8543, 0.864, 0.8907, 0.8909, 0.9135]",optuna_tuned:best_config.json(full_model_sibling),0.6904,0.3603,0.166,True
gcn_no_infonce_fp,cep,scaffold,regression,rmse,5,1.3125,0.0364,1.2672,1.3577,0.0453,"[1.2766, 1.2802, 1.3094, 1.3335, 1.3628]",optuna_tuned:best_config.json(full_model_sibling),0.8041,0.735,0.011,True
gcn_no_infonce_fp,malaria,scaffold,regression,rmse,5,1.9605,0.0123,1.9453,1.9758,0.0152,"[1.9438, 1.9549, 1.9591, 1.9714, 1.9735]",optuna_tuned:best_config.json(full_model_sibling),1.68,-3.0463,1.585,False
gcn_no_codebook_fp,esol,scaffold,regression,rmse,5,0.932,0.0376,0.8852,0.9787,0.0467,"[0.8881, 0.9161, 0.9167, 0.9544, 0.9844]",optuna_tuned:best_config.json(full_model_sibling),0.696,0.8064,0.45,True
gcn_no_codebook_fp,freesolv,scaffold,regression,rmse,5,2.673,0.258,2.3527,2.9933,0.3203,"[2.473, 2.4856, 2.5076, 2.8756, 3.0232]",optuna_tuned:best_config.json(full_model_sibling),2.0212,0.4554,0.8,True
gcn_no_codebook_fp,lipo,scaffold,regression,rmse,5,0.8795,0.0058,0.8723,0.8867,0.0072,"[0.8723, 0.8768, 0.8781, 0.8828, 0.8875]",optuna_tuned:best_config.json(full_model_sibling),0.6794,0.3653,0.166,True
gcn_no_codebook_fp,cep,scaffold,regression,rmse,5,1.3024,0.0192,1.2786,1.3263,0.0238,"[1.278, 1.2907, 1.3026, 1.3136, 1.3272]",optuna_tuned:best_config.json(full_model_sibling),0.7966,0.7392,0.011,True
gcn_no_codebook_fp,malaria,scaffold,regression,rmse,5,2.0093,0.0106,1.9961,2.0224,0.0132,"[2.0017, 2.0023, 2.0049, 2.0102, 2.0272]",optuna_tuned:best_config.json(full_model_sibling),1.7301,-3.25,1.585,False
gcn_no_3d_infonce_codebook,esol,scaffold,regression,rmse,5,1.138,0.0319,1.0983,1.1776,0.0396,"[1.1014, 1.1207, 1.137, 1.1438, 1.187]",optuna_tuned:best_config.json(full_model_sibling),0.8955,0.7116,0.45,True
gcn_no_3d_infonce_codebook,freesolv,scaffold,regression,rmse,5,2.1006,0.0766,2.0055,2.1957,0.0951,"[2.0263, 2.0279, 2.091, 2.1666, 2.1913]",optuna_tuned:best_config.json(full_model_sibling),1.59,0.6658,0.8,True
gcn_no_3d_infonce_codebook,lipo,scaffold,regression,rmse,5,0.7102,0.0177,0.6883,0.7322,0.022,"[0.6915, 0.6915, 0.7156, 0.7256, 0.727]",optuna_tuned:best_config.json(full_model_sibling),0.5481,0.5859,0.166,True
gcn_no_3d_infonce_codebook,cep,scaffold,regression,rmse,5,1.1029,0.0049,1.0968,1.109,0.0061,"[1.0977, 1.1007, 1.1016, 1.1037, 1.1108]",optuna_tuned:best_config.json(full_model_sibling),0.5376,0.813,0.011,True
gcn_no_3d_infonce_codebook,malaria,scaffold,regression,rmse,5,1.973,0.0272,1.9392,2.0067,0.0337,"[1.9499, 1.9532, 1.9567, 1.9995, 2.0055]",optuna_tuned:best_config.json(full_model_sibling),1.6951,-3.0983,1.585,False
gcn_no_3d_infonce_fp,esol,scaffold,regression,rmse,5,1.3206,0.0228,1.2924,1.3489,0.0283,"[1.3045, 1.3092, 1.3138, 1.315, 1.3607]",optuna_tuned:best_config.json(full_model_sibling),1.0425,0.6117,0.45,True
gcn_no_3d_infonce_fp,freesolv,scaffold,regression,rmse,5,2.685,0.3288,2.2767,3.0933,0.4083,"[2.3923, 2.4523, 2.5024, 2.9736, 3.1046]",optuna_tuned:best_config.json(full_model_sibling),2.0657,0.448,0.8,True
gcn_no_3d_infonce_fp,lipo,scaffold,regression,rmse,5,0.9149,0.0213,0.8884,0.9414,0.0265,"[0.8902, 0.9014, 0.9086, 0.9365, 0.9378]",optuna_tuned:best_config.json(full_model_sibling),0.7062,0.3129,0.166,True
gcn_no_3d_infonce_fp,cep,scaffold,regression,rmse,5,1.4266,0.02,1.4018,1.4514,0.0248,"[1.4031, 1.4164, 1.4201, 1.4403, 1.4532]",optuna_tuned:best_config.json(full_model_sibling),0.9272,0.6871,0.011,True
gcn_no_3d_infonce_fp,malaria,scaffold,regression,rmse,5,1.9492,0.0225,1.9212,1.9771,0.0279,"[1.9146, 1.9467, 1.9536, 1.9539, 1.9771]",optuna_tuned:best_config.json(full_model_sibling),1.6635,-2.9999,1.585,False
gcn_no_3d_codebook_fp,esol,scaffold,regression,rmse,5,1.4486,0.039,1.4002,1.497,0.0484,"[1.3995, 1.4304, 1.4461, 1.4621, 1.5048]",optuna_tuned:best_config.json(full_model_sibling),1.1452,0.5327,0.45,True
gcn_no_3d_codebook_fp,freesolv,scaffold,regression,rmse,5,2.7106,0.1189,2.563,2.8582,0.1476,"[2.5927, 2.598, 2.7178, 2.7722, 2.8722]",optuna_tuned:best_config.json(full_model_sibling),2.062,0.4433,0.8,True
gcn_no_3d_codebook_fp,lipo,scaffold,regression,rmse,5,0.9008,0.0193,0.8769,0.9248,0.024,"[0.8733, 0.8954, 0.8994, 0.9107, 0.9254]",optuna_tuned:best_config.json(full_model_sibling),0.708,0.3339,0.166,True
gcn_no_3d_codebook_fp,cep,scaffold,regression,rmse,5,1.4085,0.0203,1.3833,1.4337,0.0252,"[1.3884, 1.3913, 1.4053, 1.4212, 1.4363]",optuna_tuned:best_config.json(full_model_sibling),0.9096,0.695,0.011,True
gcn_no_3d_codebook_fp,malaria,scaffold,regression,rmse,5,2.0108,0.0112,1.9969,2.0247,0.0139,"[1.9965, 2.0083, 2.0094, 2.012, 2.0278]",optuna_tuned:best_config.json(full_model_sibling),1.7333,-3.2564,1.585,False
gcn_no_infonce_codebook_fp,esol,scaffold,regression,rmse,5,0.9361,0.0311,0.8975,0.9747,0.0386,"[0.8881, 0.9286, 0.9399, 0.9526, 0.971]",optuna_tuned:best_config.json(full_model_sibling),0.7002,0.8048,0.45,True
gcn_no_infonce_codebook_fp,freesolv,scaffold,regression,rmse,5,2.7644,0.2062,2.5084,3.0204,0.256,"[2.511, 2.5901, 2.8151, 2.9235, 2.9824]",optuna_tuned:best_config.json(full_model_sibling),2.1103,0.4192,0.8,True
gcn_no_infonce_codebook_fp,lipo,scaffold,regression,rmse,5,0.8826,0.0086,0.8719,0.8933,0.0107,"[0.8725, 0.8754, 0.8839, 0.8882, 0.8931]",optuna_tuned:best_config.json(full_model_sibling),0.6812,0.3607,0.166,True
gcn_no_infonce_codebook_fp,cep,scaffold,regression,rmse,5,1.3239,0.0358,1.2794,1.3683,0.0445,"[1.2892, 1.297, 1.3092, 1.355, 1.3688]",optuna_tuned:best_config.json(full_model_sibling),0.8208,0.7304,0.011,True
gcn_no_infonce_codebook_fp,malaria,scaffold,regression,rmse,5,2.0096,0.0101,1.9971,2.0221,0.0125,"[2.0019, 2.0026, 2.0065, 2.0104, 2.0265]",optuna_tuned:best_config.json(full_model_sibling),1.7305,-3.2513,1.585,False
gcn_no_3d_infonce_codebook_fp,esol,scaffold,regression,rmse,5,1.4254,0.0708,1.3375,1.5133,0.0879,"[1.3293, 1.3901, 1.4222, 1.4774, 1.5081]",optuna_tuned:best_config.json(full_model_sibling),1.1312,0.5469,0.45,True
gcn_no_3d_infonce_codebook_fp,freesolv,scaffold,regression,rmse,5,2.6813,0.1968,2.437,2.9256,0.2443,"[2.3897, 2.6289, 2.6858, 2.7826, 2.9196]",optuna_tuned:best_config.json(full_model_sibling),2.0191,0.4537,0.8,True
gcn_no_3d_infonce_codebook_fp,lipo,scaffold,regression,rmse,5,0.8995,0.0199,0.8748,0.9241,0.0247,"[0.8704, 0.8917, 0.9007, 0.9126, 0.9218]",optuna_tuned:best_config.json(full_model_sibling),0.7095,0.3359,0.166,True
gcn_no_3d_infonce_codebook_fp,cep,scaffold,regression,rmse,5,1.3717,0.0348,1.3285,1.4149,0.0432,"[1.3357, 1.3399, 1.3692, 1.4016, 1.4121]",optuna_tuned:best_config.json(full_model_sibling),0.8702,0.7106,0.011,True
gcn_no_3d_infonce_codebook_fp,malaria,scaffold,regression,rmse,5,2.0105,0.01,1.9981,2.0229,0.0124,"[2.0014, 2.0071, 2.0078, 2.0088, 2.0276]",optuna_tuned:best_config.json(full_model_sibling),1.733,-3.2553,1.585,False
gine_full_model,esol,scaffold,regression,rmse,5,0.8943,0.0078,0.8847,0.9039,0.0096,"[0.8881, 0.8883, 0.8913, 0.8975, 0.9064]",optuna_tuned:best_config.json,0.6804,0.822,0.45,True
gine_full_model,freesolv,scaffold,regression,rmse,5,2.643,0.2507,2.3317,2.9543,0.3113,"[2.3665, 2.4371, 2.644, 2.7922, 2.9751]",optuna_tuned:best_config.json,1.7736,0.4677,0.8,True
gine_full_model,lipo,scaffold,regression,rmse,5,0.7331,0.0199,0.7084,0.7578,0.0247,"[0.705, 0.7279, 0.7333, 0.7391, 0.7602]",optuna_tuned:best_config.json,0.5613,0.5588,0.166,True
gine_full_model,cep,scaffold,regression,rmse,5,1.1944,0.023,1.1658,1.223,0.0286,"[1.1683, 1.1787, 1.1905, 1.2092, 1.2254]",optuna_tuned:best_config.json,0.6278,0.7806,0.011,True
gine_full_model,malaria,scaffold,regression,rmse,5,1.9007,0.1042,1.7712,2.0301,0.1294,"[1.7266, 1.8799, 1.9599, 1.965, 1.9719]",optuna_tuned:best_config.json,1.6303,-2.812,1.585,False
gine_no_3d,esol,scaffold,regression,rmse,5,1.0817,0.0583,1.0094,1.1541,0.0723,"[1.0142, 1.0363, 1.08, 1.1254, 1.1528]",optuna_tuned:best_config.json(full_model_sibling),0.821,0.7389,0.45,True
gine_no_3d,freesolv,scaffold,regression,rmse,5,3.2813,0.3447,2.8532,3.7093,0.428,"[2.82, 3.0866, 3.3622, 3.4063, 3.7312]",optuna_tuned:best_config.json(full_model_sibling),2.1782,0.1782,0.8,True
gine_no_3d,lipo,scaffold,regression,rmse,5,0.7315,0.0217,0.7045,0.7584,0.027,"[0.7045, 0.7175, 0.732, 0.743, 0.7603]",optuna_tuned:best_config.json(full_model_sibling),0.5559,0.5607,0.166,True
gine_no_3d,cep,scaffold,regression,rmse,5,1.1286,0.0474,1.0697,1.1875,0.0589,"[1.0473, 1.133, 1.1403, 1.154, 1.1685]",optuna_tuned:best_config.json(full_model_sibling),0.5881,0.8039,0.011,True
gine_no_3d,malaria,scaffold,regression,rmse,5,1.8992,0.0625,1.8216,1.9767,0.0776,"[1.8235, 1.8518, 1.9079, 1.9338, 1.9789]",optuna_tuned:best_config.json(full_model_sibling),1.6294,-2.8001,1.585,False
gine_no_infonce,esol,scaffold,regression,rmse,5,0.8993,0.03,0.8621,0.9365,0.0372,"[0.8687, 0.8749, 0.8953, 0.9166, 0.941]",optuna_tuned:best_config.json(full_model_sibling),0.6805,0.8198,0.45,True
gine_no_infonce,freesolv,scaffold,regression,rmse,5,2.5196,0.2021,2.2687,2.7706,0.2509,"[2.3455, 2.3725, 2.4931, 2.5351, 2.852]",optuna_tuned:best_config.json(full_model_sibling),1.7686,0.5172,0.8,True
gine_no_infonce,lipo,scaffold,regression,rmse,5,0.7068,0.009,0.6955,0.718,0.0112,"[0.698, 0.6984, 0.7073, 0.7105, 0.7196]",optuna_tuned:best_config.json(full_model_sibling),0.5467,0.5901,0.166,True
gine_no_infonce,cep,scaffold,regression,rmse,5,1.1835,0.0191,1.1597,1.2072,0.0238,"[1.1622, 1.1725, 1.1771, 1.1955, 1.2101]",optuna_tuned:best_config.json(full_model_sibling),0.6425,0.7847,0.011,True
gine_no_infonce,malaria,scaffold,regression,rmse,5,1.9376,0.0392,1.8889,1.9863,0.0487,"[1.8811, 1.9284, 1.9299, 1.9672, 1.9816]",optuna_tuned:best_config.json(full_model_sibling),1.6614,-2.9534,1.585,False
gine_no_codebook,esol,scaffold,regression,rmse,5,0.969,0.0246,0.9385,0.9995,0.0305,"[0.9308, 0.9582, 0.9813, 0.9844, 0.9903]",optuna_tuned:best_config.json(full_model_sibling),0.7207,0.7909,0.45,True
gine_no_codebook,freesolv,scaffold,regression,rmse,5,2.7838,0.1079,2.6499,2.9177,0.1339,"[2.6322, 2.7254, 2.7964, 2.8664, 2.8985]",optuna_tuned:best_config.json(full_model_sibling),1.8515,0.413,0.8,True
gine_no_codebook,lipo,scaffold,regression,rmse,5,0.7144,0.015,0.6958,0.7331,0.0186,"[0.697, 0.7027, 0.7133, 0.7291, 0.73]",optuna_tuned:best_config.json(full_model_sibling),0.5527,0.5811,0.166,True
gine_no_codebook,cep,scaffold,regression,rmse,5,1.1484,0.0233,1.1194,1.1774,0.029,"[1.1315, 1.1332, 1.1384, 1.1509, 1.1879]",optuna_tuned:best_config.json(full_model_sibling),0.5866,0.7972,0.011,True
gine_no_codebook,malaria,scaffold,regression,rmse,5,1.8025,0.0608,1.7271,1.878,0.0755,"[1.731, 1.7667, 1.8071, 1.8149, 1.893]",optuna_tuned:best_config.json(full_model_sibling),1.5089,-2.4234,1.585,False
gine_no_fp,esol,scaffold,regression,rmse,5,0.9029,0.0068,0.8944,0.9114,0.0085,"[0.8942, 0.8983, 0.9032, 0.9078, 0.911]",optuna_tuned:best_config.json(full_model_sibling),0.6807,0.8185,0.45,True
gine_no_fp,freesolv,scaffold,regression,rmse,5,2.9066,0.2056,2.6514,3.1619,0.2553,"[2.6196, 2.7959, 2.95, 3.0142, 3.1535]",optuna_tuned:best_config.json(full_model_sibling),1.9446,0.3582,0.8,True
gine_no_fp,lipo,scaffold,regression,rmse,5,0.8557,0.0316,0.8165,0.8949,0.0392,"[0.8213, 0.8471, 0.8506, 0.8521, 0.9076]",optuna_tuned:best_config.json(full_model_sibling),0.6657,0.3985,0.166,True
gine_no_fp,cep,scaffold,regression,rmse,3,1.1634,0.017,1.1213,1.2056,0.0422,"[1.145, 1.1668, 1.1785]",optuna_tuned:best_config.json(full_model_sibling),0.6454,0.7919,0.011,True
gine_no_fp,malaria,scaffold,regression,rmse,4,1.8892,0.0499,1.8099,1.9686,0.0793,"[1.8488, 1.8544, 1.8971, 1.9567]",optuna_tuned:best_config.json(full_model_sibling),1.6156,-2.7592,1.585,False
gine_no_3d_infonce,esol,scaffold,regression,rmse,3,1.0469,0.0316,0.9685,1.1253,0.0784,"[1.0197, 1.0395, 1.0815]",optuna_tuned:best_config.json(full_model_sibling),0.8099,0.7559,0.45,True
gine_no_3d_infonce,freesolv,scaffold,regression,rmse,4,3.4191,0.6533,2.3795,4.4586,1.0395,"[2.9558, 3.0175, 3.3366, 4.3665]",optuna_tuned:best_config.json(full_model_sibling),2.3483,0.0913,0.8,True
gine_no_3d_infonce,lipo,scaffold,regression,rmse,4,0.7274,0.0142,0.7048,0.75,0.0226,"[0.7164, 0.7182, 0.7277, 0.7474]",optuna_tuned:best_config.json(full_model_sibling),0.5508,0.5657,0.166,True
gine_no_3d_infonce,cep,scaffold,regression,rmse,2,1.1074,0.0055,1.0581,1.1566,0.0493,"[1.1035, 1.1112]",optuna_tuned:best_config.json(full_model_sibling),0.57,0.8115,0.011,True
gine_no_3d_infonce,malaria,scaffold,regression,rmse,4,1.8848,0.0871,1.7463,2.0234,0.1385,"[1.7742, 1.8576, 1.9424, 1.9651]",optuna_tuned:best_config.json(full_model_sibling),1.6145,-2.7457,1.585,False
gine_no_3d_codebook,esol,scaffold,regression,rmse,2,1.0702,0.0015,1.0565,1.0838,0.0136,"[1.0691, 1.0712]",optuna_tuned:best_config.json(full_model_sibling),0.8043,0.7451,0.45,True
gine_no_3d_codebook,freesolv,scaffold,regression,rmse,2,2.9973,0.4249,-0.8206,6.8152,3.8179,"[2.6968, 3.2978]",optuna_tuned:best_config.json(full_model_sibling),1.9954,0.3135,0.8,True
gine_no_3d_codebook,lipo,scaffold,regression,rmse,2,0.73,0.0131,0.6124,0.8476,0.1176,"[0.7208, 0.7393]",optuna_tuned:best_config.json(full_model_sibling),0.5489,0.5626,0.166,True
gine_no_3d_codebook,cep,scaffold,regression,rmse,2,1.0965,0.0177,0.9376,1.2555,0.1589,"[1.084, 1.109]",optuna_tuned:best_config.json(full_model_sibling),0.5746,0.8151,0.011,True
gine_no_3d_codebook,malaria,scaffold,regression,rmse,2,1.8285,0.1047,0.8878,2.7693,0.9408,"[1.7545, 1.9026]",optuna_tuned:best_config.json(full_model_sibling),1.535,-2.5255,1.585,False
gine_no_3d_fp,esol,scaffold,regression,rmse,2,1.1391,0.0553,0.6426,1.6357,0.4966,"[1.1001, 1.1782]",optuna_tuned:best_config.json(full_model_sibling),0.8862,0.7108,0.45,True
gine_no_3d_fp,freesolv,scaffold,regression,rmse,2,3.3022,0.0417,2.9272,3.6771,0.3749,"[3.2727, 3.3317]",optuna_tuned:best_config.json(full_model_sibling),2.1782,0.1749,0.8,True
gine_no_3d_fp,lipo,scaffold,regression,rmse,2,0.8668,0.0646,0.2864,1.4472,0.5804,"[0.8211, 0.9125]",optuna_tuned:best_config.json(full_model_sibling),0.6575,0.3818,0.166,True
gine_no_3d_fp,cep,scaffold,regression,rmse,2,1.1645,0.0229,0.9584,1.3706,0.2061,"[1.1483, 1.1807]",optuna_tuned:best_config.json(full_model_sibling),0.6528,0.7915,0.011,True
gine_no_3d_fp,malaria,scaffold,regression,rmse,2,1.8871,0.0055,1.8377,1.9365,0.0494,"[1.8832, 1.891]",optuna_tuned:best_config.json(full_model_sibling),1.602,-2.7487,1.585,False
gine_no_infonce_codebook,esol,scaffold,regression,rmse,2,0.9311,0.0305,0.6574,1.2047,0.2736,"[0.9095, 0.9526]",optuna_tuned:best_config.json(full_model_sibling),0.6932,0.8069,0.45,True
gine_no_infonce_codebook,freesolv,scaffold,regression,rmse,2,2.9468,0.0069,2.8848,3.0088,0.062,"[2.9419, 2.9517]",optuna_tuned:best_config.json(full_model_sibling),1.9455,0.343,0.8,True
gine_no_infonce_codebook,lipo,scaffold,regression,rmse,2,0.7202,0.0277,0.4712,0.9692,0.249,"[0.7006, 0.7398]",optuna_tuned:best_config.json(full_model_sibling),0.5498,0.5741,0.166,True
gine_no_infonce_codebook,cep,scaffold,regression,rmse,2,1.1082,0.0247,0.886,1.3305,0.2223,"[1.0907, 1.1257]",optuna_tuned:best_config.json(full_model_sibling),0.5859,0.8112,0.011,True
gine_no_infonce_codebook,malaria,scaffold,regression,rmse,2,1.8468,0.0637,1.2746,2.419,0.5722,"[1.8017, 1.8918]",optuna_tuned:best_config.json(full_model_sibling),1.54,-2.5924,1.585,False
