ablation,dataset,split_protocol,task_type,metric_name,n_seeds,mean_test_metric,std_test_metric,ci95_lower,ci95_upper,ci95_margin,per_seed_metrics,config_source,mean_test_roc_auc,std_test_roc_auc
gcn_full_model,tox21,scaffold,classification,roc_auc,5,0.7461,0.0047,0.7402,0.7519,0.0059,"[0.7517, 0.7507, 0.7434, 0.7429, 0.7418]",optuna_tuned:best_config.json,0.7461,0.0047
gcn_full_model,bbbp,scaffold,classification,roc_auc,5,0.7089,0.0106,0.6957,0.7221,0.0132,"[0.7239, 0.7146, 0.707, 0.7016, 0.6973]",optuna_tuned:best_config.json,0.7089,0.0106
gcn_full_model,bace,scaffold,classification,roc_auc,5,0.8123,0.0149,0.7938,0.8308,0.0185,"[0.8362, 0.8134, 0.8087, 0.8075, 0.7957]",optuna_tuned:best_config.json,0.8123,0.0149
gcn_full_model,sider,scaffold,classification,roc_auc,5,0.6089,0.0122,0.5938,0.624,0.0151,"[0.6276, 0.6141, 0.6042, 0.6017, 0.597]",optuna_tuned:best_config.json,0.6089,0.0122
gcn_full_model,clintox,scaffold,classification,roc_auc,5,0.8852,0.0178,0.863,0.9073,0.0221,"[0.9075, 0.8949, 0.8841, 0.8794, 0.8598]",optuna_tuned:best_config.json,0.8852,0.0178
gcn_full_model,toxcast,scaffold,classification,roc_auc,5,0.623,0.004,0.618,0.628,0.005,"[0.6272, 0.6244, 0.6237, 0.6234, 0.6163]",optuna_tuned:best_config.json,0.623,0.004
gcn_full_model,hiv,scaffold,classification,roc_auc,5,0.7672,0.0301,0.7298,0.8047,0.0374,"[0.787, 0.7847, 0.7811, 0.7685, 0.7149]",optuna_tuned:best_config.json,0.7672,0.0301
gcn_no_3d,tox21,scaffold,classification,roc_auc,5,0.7524,0.0073,0.7434,0.7614,0.009,"[0.7636, 0.7529, 0.7518, 0.7504, 0.7433]",optuna_tuned:best_config.json(full_model_sibling),0.7524,0.0073
gcn_no_3d,bbbp,scaffold,classification,roc_auc,5,0.7065,0.0157,0.687,0.726,0.0195,"[0.726, 0.7195, 0.7029, 0.6938, 0.6901]",optuna_tuned:best_config.json(full_model_sibling),0.7065,0.0157
gcn_no_3d,bace,scaffold,classification,roc_auc,5,0.8239,0.0098,0.8118,0.8361,0.0121,"[0.838, 0.8301, 0.8197, 0.8161, 0.8158]",optuna_tuned:best_config.json(full_model_sibling),0.8239,0.0098
gcn_no_3d,sider,scaffold,classification,roc_auc,5,0.6053,0.0131,0.589,0.6216,0.0163,"[0.6286, 0.6013, 0.6004, 0.5988, 0.5975]",optuna_tuned:best_config.json(full_model_sibling),0.6053,0.0131
gcn_no_3d,clintox,scaffold,classification,roc_auc,5,0.8623,0.0169,0.8413,0.8833,0.021,"[0.8764, 0.8745, 0.8688, 0.8565, 0.8354]",optuna_tuned:best_config.json(full_model_sibling),0.8623,0.0169
gcn_no_3d,toxcast,scaffold,classification,roc_auc,5,0.6136,0.0063,0.6058,0.6214,0.0078,"[0.6213, 0.6192, 0.6113, 0.6092, 0.607]",optuna_tuned:best_config.json(full_model_sibling),0.6136,0.0063
gcn_no_3d,hiv,scaffold,classification,roc_auc,5,0.7754,0.0193,0.7515,0.7994,0.0239,"[0.7973, 0.7839, 0.7827, 0.766, 0.7473]",optuna_tuned:best_config.json(full_model_sibling),0.7754,0.0193
gcn_no_infonce,tox21,scaffold,classification,roc_auc,5,0.743,0.0041,0.7379,0.7481,0.0051,"[0.7465, 0.7461, 0.7449, 0.7409, 0.7368]",optuna_tuned:best_config.json(full_model_sibling),0.743,0.0041
gcn_no_infonce,bbbp,scaffold,classification,roc_auc,5,0.709,0.0099,0.6967,0.7213,0.0123,"[0.7236, 0.7144, 0.7054, 0.7023, 0.6993]",optuna_tuned:best_config.json(full_model_sibling),0.709,0.0099
gcn_no_infonce,bace,scaffold,classification,roc_auc,5,0.8156,0.014,0.7982,0.8329,0.0174,"[0.8399, 0.8149, 0.8091, 0.8087, 0.8054]",optuna_tuned:best_config.json(full_model_sibling),0.8156,0.014
gcn_no_infonce,sider,scaffold,classification,roc_auc,5,0.6031,0.018,0.5807,0.6255,0.0224,"[0.6299, 0.6104, 0.6001, 0.591, 0.5838]",optuna_tuned:best_config.json(full_model_sibling),0.6031,0.018
gcn_no_infonce,clintox,scaffold,classification,roc_auc,5,0.8814,0.0142,0.8637,0.899,0.0177,"[0.8999, 0.8851, 0.8835, 0.878, 0.8605]",optuna_tuned:best_config.json(full_model_sibling),0.8814,0.0142
gcn_no_infonce,toxcast,scaffold,classification,roc_auc,5,0.622,0.0044,0.6164,0.6275,0.0055,"[0.6285, 0.6245, 0.6197, 0.6192, 0.6179]",optuna_tuned:best_config.json(full_model_sibling),0.622,0.0044
gcn_no_infonce,hiv,scaffold,classification,roc_auc,5,0.7673,0.006,0.7599,0.7747,0.0074,"[0.7766, 0.7697, 0.7645, 0.764, 0.7618]",optuna_tuned:best_config.json(full_model_sibling),0.7673,0.006
gcn_no_codebook,tox21,scaffold,classification,roc_auc,5,0.7429,0.0049,0.7369,0.749,0.006,"[0.7505, 0.7446, 0.7417, 0.7397, 0.7382]",optuna_tuned:best_config.json(full_model_sibling),0.7429,0.0049
gcn_no_codebook,bbbp,scaffold,classification,roc_auc,5,0.6929,0.0026,0.6897,0.6961,0.0032,"[0.6962, 0.6951, 0.6912, 0.691, 0.6909]",optuna_tuned:best_config.json(full_model_sibling),0.6929,0.0026
gcn_no_codebook,bace,scaffold,classification,roc_auc,5,0.8351,0.0071,0.8263,0.8438,0.0088,"[0.8428, 0.8402, 0.8348, 0.8329, 0.8246]",optuna_tuned:best_config.json(full_model_sibling),0.8351,0.0071
gcn_no_codebook,sider,scaffold,classification,roc_auc,5,0.6329,0.0176,0.611,0.6547,0.0218,"[0.65, 0.6441, 0.6336, 0.6322, 0.6043]",optuna_tuned:best_config.json(full_model_sibling),0.6329,0.0176
gcn_no_codebook,clintox,scaffold,classification,roc_auc,5,0.8894,0.0123,0.8741,0.9047,0.0153,"[0.9045, 0.8965, 0.8905, 0.8829, 0.8725]",optuna_tuned:best_config.json(full_model_sibling),0.8894,0.0123
gcn_no_codebook,toxcast,scaffold,classification,roc_auc,5,0.659,0.0032,0.655,0.663,0.004,"[0.6617, 0.661, 0.6596, 0.659, 0.6535]",optuna_tuned:best_config.json(full_model_sibling),0.659,0.0032
gcn_no_codebook,hiv,scaffold,classification,roc_auc,5,0.7644,0.0125,0.7488,0.7799,0.0155,"[0.778, 0.7725, 0.7677, 0.7567, 0.7469]",optuna_tuned:best_config.json(full_model_sibling),0.7644,0.0125
gcn_no_fp,tox21,scaffold,classification,roc_auc,5,0.7392,0.0075,0.7299,0.7486,0.0094,"[0.7489, 0.7442, 0.7392, 0.7331, 0.7308]",optuna_tuned:best_config.json(full_model_sibling),0.7392,0.0075
gcn_no_fp,bbbp,scaffold,classification,roc_auc,5,0.647,0.0047,0.6411,0.6528,0.0059,"[0.6523, 0.6487, 0.6486, 0.6455, 0.6397]",optuna_tuned:best_config.json(full_model_sibling),0.647,0.0047
gcn_no_fp,bace,scaffold,classification,roc_auc,5,0.8022,0.0073,0.7931,0.8113,0.0091,"[0.8094, 0.8069, 0.8053, 0.7976, 0.7917]",optuna_tuned:best_config.json(full_model_sibling),0.8022,0.0073
gcn_no_fp,sider,scaffold,classification,roc_auc,5,0.6436,0.0066,0.6354,0.6517,0.0082,"[0.6497, 0.648, 0.6452, 0.6419, 0.6331]",optuna_tuned:best_config.json(full_model_sibling),0.6436,0.0066
gcn_no_fp,clintox,scaffold,classification,roc_auc,5,0.8924,0.0179,0.8702,0.9146,0.0222,"[0.9214, 0.8952, 0.8858, 0.8854, 0.8741]",optuna_tuned:best_config.json(full_model_sibling),0.8924,0.0179
gcn_no_fp,toxcast,scaffold,classification,roc_auc,5,0.6125,0.0035,0.6082,0.6168,0.0043,"[0.6174, 0.6135, 0.6128, 0.6109, 0.608]",optuna_tuned:best_config.json(full_model_sibling),0.6125,0.0035
gcn_no_fp,hiv,scaffold,classification,roc_auc,5,0.7564,0.0267,0.7232,0.7896,0.0332,"[0.7862, 0.7704, 0.7657, 0.7417, 0.718]",optuna_tuned:best_config.json(full_model_sibling),0.7564,0.0267
gcn_no_3d_infonce,tox21,scaffold,classification,roc_auc,5,0.7494,0.0056,0.7424,0.7564,0.007,"[0.7575, 0.7517, 0.7485, 0.7467, 0.7426]",optuna_tuned:best_config.json(full_model_sibling),0.7494,0.0056
gcn_no_3d_infonce,bbbp,scaffold,classification,roc_auc,5,0.7053,0.0136,0.6884,0.7222,0.0169,"[0.722, 0.7172, 0.7006, 0.6956, 0.691]",optuna_tuned:best_config.json(full_model_sibling),0.7053,0.0136
gcn_no_3d_infonce,bace,scaffold,classification,roc_auc,5,0.8247,0.0129,0.8087,0.8408,0.0161,"[0.844, 0.8317, 0.8188, 0.8165, 0.8127]",optuna_tuned:best_config.json(full_model_sibling),0.8247,0.0129
gcn_no_3d_infonce,sider,scaffold,classification,roc_auc,5,0.619,0.0119,0.6042,0.6338,0.0148,"[0.6366, 0.626, 0.6129, 0.6104, 0.609]",optuna_tuned:best_config.json(full_model_sibling),0.619,0.0119
gcn_no_3d_infonce,clintox,scaffold,classification,roc_auc,5,0.8479,0.0198,0.8232,0.8725,0.0246,"[0.8649, 0.8603, 0.8529, 0.8463, 0.8148]",optuna_tuned:best_config.json(full_model_sibling),0.8479,0.0198
gcn_no_3d_infonce,toxcast,scaffold,classification,roc_auc,5,0.6146,0.0061,0.6071,0.6222,0.0075,"[0.6215, 0.6201, 0.6133, 0.6109, 0.6073]",optuna_tuned:best_config.json(full_model_sibling),0.6146,0.0061
gcn_no_3d_infonce,hiv,scaffold,classification,roc_auc,5,0.7663,0.0326,0.7258,0.8068,0.0405,"[0.8086, 0.7822, 0.7673, 0.7521, 0.7214]",optuna_tuned:best_config.json(full_model_sibling),0.7663,0.0326
gcn_no_3d_codebook,tox21,scaffold,classification,roc_auc,5,0.7525,0.0026,0.7492,0.7557,0.0033,"[0.755, 0.754, 0.753, 0.752, 0.7482]",optuna_tuned:best_config.json(full_model_sibling),0.7525,0.0026
gcn_no_3d_codebook,bbbp,scaffold,classification,roc_auc,5,0.6868,0.0064,0.6788,0.6947,0.008,"[0.6933, 0.6927, 0.6874, 0.6805, 0.6799]",optuna_tuned:best_config.json(full_model_sibling),0.6868,0.0064
gcn_no_3d_codebook,bace,scaffold,classification,roc_auc,5,0.8226,0.0119,0.8077,0.8374,0.0148,"[0.837, 0.8301, 0.8247, 0.8128, 0.8082]",optuna_tuned:best_config.json(full_model_sibling),0.8226,0.0119
gcn_no_3d_codebook,sider,scaffold,classification,roc_auc,5,0.6142,0.0172,0.5929,0.6355,0.0213,"[0.6305, 0.6265, 0.6219, 0.6014, 0.591]",optuna_tuned:best_config.json(full_model_sibling),0.6142,0.0172
gcn_no_3d_codebook,clintox,scaffold,classification,roc_auc,5,0.8495,0.0082,0.8394,0.8596,0.0101,"[0.8604, 0.8542, 0.8497, 0.8423, 0.841]",optuna_tuned:best_config.json(full_model_sibling),0.8495,0.0082
gcn_no_3d_codebook,toxcast,scaffold,classification,roc_auc,5,0.6538,0.0078,0.6441,0.6634,0.0097,"[0.6629, 0.6576, 0.654, 0.6525, 0.6418]",optuna_tuned:best_config.json(full_model_sibling),0.6538,0.0078
gcn_no_3d_codebook,hiv,scaffold,classification,roc_auc,5,0.7887,0.0054,0.7819,0.7954,0.0067,"[0.7937, 0.7935, 0.7888, 0.7868, 0.7806]",optuna_tuned:best_config.json(full_model_sibling),0.7887,0.0054
gcn_no_3d_fp,tox21,scaffold,classification,roc_auc,5,0.7285,0.0089,0.7175,0.7395,0.011,"[0.741, 0.7316, 0.7293, 0.7233, 0.7174]",optuna_tuned:best_config.json(full_model_sibling),0.7285,0.0089
gcn_no_3d_fp,bbbp,scaffold,classification,roc_auc,5,0.6282,0.0048,0.6222,0.6342,0.006,"[0.6339, 0.6305, 0.6301, 0.6244, 0.6221]",optuna_tuned:best_config.json(full_model_sibling),0.6282,0.0048
gcn_no_3d_fp,bace,scaffold,classification,roc_auc,5,0.7951,0.0132,0.7787,0.8114,0.0164,"[0.8134, 0.8022, 0.7911, 0.7899, 0.7788]",optuna_tuned:best_config.json(full_model_sibling),0.7951,0.0132
gcn_no_3d_fp,sider,scaffold,classification,roc_auc,5,0.6347,0.0083,0.6243,0.645,0.0103,"[0.6462, 0.639, 0.6334, 0.6303, 0.6244]",optuna_tuned:best_config.json(full_model_sibling),0.6347,0.0083
gcn_no_3d_fp,clintox,scaffold,classification,roc_auc,5,0.8543,0.0098,0.8422,0.8665,0.0121,"[0.8677, 0.8571, 0.8533, 0.8531, 0.8404]",optuna_tuned:best_config.json(full_model_sibling),0.8543,0.0098
gcn_no_3d_fp,toxcast,scaffold,classification,roc_auc,5,0.5875,0.0043,0.5822,0.5928,0.0053,"[0.5924, 0.5889, 0.588, 0.5874, 0.5807]",optuna_tuned:best_config.json(full_model_sibling),0.5875,0.0043
gcn_no_3d_fp,hiv,scaffold,classification,roc_auc,5,0.748,0.0196,0.7237,0.7723,0.0243,"[0.7746, 0.7582, 0.7488, 0.7318, 0.7266]",optuna_tuned:best_config.json(full_model_sibling),0.748,0.0196
gcn_no_infonce_codebook,tox21,scaffold,classification,roc_auc,5,0.7421,0.0058,0.735,0.7493,0.0072,"[0.7491, 0.747, 0.7402, 0.7389, 0.7354]",optuna_tuned:best_config.json(full_model_sibling),0.7421,0.0058
gcn_no_infonce_codebook,bbbp,scaffold,classification,roc_auc,5,0.6879,0.0222,0.6603,0.7155,0.0276,"[0.7023, 0.6991, 0.6968, 0.6926, 0.6487]",optuna_tuned:best_config.json(full_model_sibling),0.6879,0.0222
gcn_no_infonce_codebook,bace,scaffold,classification,roc_auc,5,0.8334,0.0079,0.8235,0.8432,0.0098,"[0.8444, 0.835, 0.8342, 0.8307, 0.8225]",optuna_tuned:best_config.json(full_model_sibling),0.8334,0.0079
gcn_no_infonce_codebook,sider,scaffold,classification,roc_auc,5,0.6257,0.0239,0.5961,0.6553,0.0296,"[0.6499, 0.646, 0.6227, 0.6192, 0.5907]",optuna_tuned:best_config.json(full_model_sibling),0.6257,0.0239
gcn_no_infonce_codebook,clintox,scaffold,classification,roc_auc,5,0.8936,0.0073,0.8845,0.9027,0.0091,"[0.9033, 0.8968, 0.8953, 0.8863, 0.8863]",optuna_tuned:best_config.json(full_model_sibling),0.8936,0.0073
gcn_no_infonce_codebook,toxcast,scaffold,classification,roc_auc,5,0.6554,0.0046,0.6497,0.6611,0.0057,"[0.66, 0.6595, 0.6564, 0.6509, 0.6502]",optuna_tuned:best_config.json(full_model_sibling),0.6554,0.0046
gcn_no_infonce_codebook,hiv,scaffold,classification,roc_auc,5,0.7621,0.0147,0.7438,0.7804,0.0183,"[0.7745, 0.7741, 0.7657, 0.7571, 0.7391]",optuna_tuned:best_config.json(full_model_sibling),0.7621,0.0147
gcn_no_infonce_fp,tox21,scaffold,classification,roc_auc,5,0.7415,0.0102,0.7288,0.7541,0.0126,"[0.7523, 0.7492, 0.7437, 0.7334, 0.7286]",optuna_tuned:best_config.json(full_model_sibling),0.7415,0.0102
gcn_no_infonce_fp,bbbp,scaffold,classification,roc_auc,5,0.6475,0.0053,0.641,0.6541,0.0065,"[0.6528, 0.6508, 0.6481, 0.6468, 0.6391]",optuna_tuned:best_config.json(full_model_sibling),0.6475,0.0053
gcn_no_infonce_fp,bace,scaffold,classification,roc_auc,5,0.8056,0.0073,0.7965,0.8147,0.0091,"[0.8123, 0.8096, 0.8065, 0.8063, 0.7933]",optuna_tuned:best_config.json(full_model_sibling),0.8056,0.0073
gcn_no_infonce_fp,sider,scaffold,classification,roc_auc,5,0.6425,0.0037,0.638,0.6471,0.0045,"[0.6475, 0.6439, 0.6428, 0.6407, 0.6377]",optuna_tuned:best_config.json(full_model_sibling),0.6425,0.0037
gcn_no_infonce_fp,clintox,scaffold,classification,roc_auc,5,0.8945,0.0221,0.8672,0.9219,0.0274,"[0.9219, 0.9019, 0.899, 0.8881, 0.8617]",optuna_tuned:best_config.json(full_model_sibling),0.8945,0.0221
gcn_no_infonce_fp,toxcast,scaffold,classification,roc_auc,5,0.6117,0.0021,0.609,0.6143,0.0026,"[0.6141, 0.6129, 0.6117, 0.6112, 0.6085]",optuna_tuned:best_config.json(full_model_sibling),0.6117,0.0021
gcn_no_infonce_fp,hiv,scaffold,classification,roc_auc,5,0.7555,0.0126,0.7398,0.7712,0.0157,"[0.7696, 0.7614, 0.7604, 0.7489, 0.7371]",optuna_tuned:best_config.json(full_model_sibling),0.7555,0.0126
gcn_no_codebook_fp,tox21,scaffold,classification,roc_auc,5,0.741,0.0026,0.7377,0.7443,0.0033,"[0.7448, 0.7424, 0.7408, 0.7388, 0.7384]",optuna_tuned:best_config.json(full_model_sibling),0.741,0.0026
gcn_no_codebook_fp,bbbp,scaffold,classification,roc_auc,5,0.6523,0.0112,0.6384,0.6663,0.0139,"[0.6715, 0.6531, 0.6466, 0.6455, 0.6448]",optuna_tuned:best_config.json(full_model_sibling),0.6523,0.0112
gcn_no_codebook_fp,bace,scaffold,classification,roc_auc,5,0.8021,0.0049,0.7961,0.8082,0.0061,"[0.8082, 0.8058, 0.802, 0.7978, 0.7969]",optuna_tuned:best_config.json(full_model_sibling),0.8021,0.0049
gcn_no_codebook_fp,sider,scaffold,classification,roc_auc,5,0.6437,0.007,0.635,0.6524,0.0087,"[0.6494, 0.6487, 0.6476, 0.6393, 0.6335]",optuna_tuned:best_config.json(full_model_sibling),0.6437,0.007
gcn_no_codebook_fp,clintox,scaffold,classification,roc_auc,5,0.8774,0.0138,0.8603,0.8945,0.0171,"[0.8947, 0.8853, 0.8772, 0.8714, 0.8583]",optuna_tuned:best_config.json(full_model_sibling),0.8774,0.0138
gcn_no_codebook_fp,toxcast,scaffold,classification,roc_auc,5,0.6444,0.0026,0.6412,0.6476,0.0032,"[0.6477, 0.6455, 0.6445, 0.6436, 0.6407]",optuna_tuned:best_config.json(full_model_sibling),0.6444,0.0026
gcn_no_codebook_fp,hiv,scaffold,classification,roc_auc,5,0.7313,0.0194,0.7072,0.7554,0.0241,"[0.7501, 0.7427, 0.7328, 0.7318, 0.6993]",optuna_tuned:best_config.json(full_model_sibling),0.7313,0.0194
gcn_no_3d_infonce_codebook,tox21,scaffold,classification,roc_auc,5,0.7563,0.0072,0.7473,0.7653,0.009,"[0.7678, 0.7582, 0.7539, 0.7522, 0.7492]",optuna_tuned:best_config.json(full_model_sibling),0.7563,0.0072
gcn_no_3d_infonce_codebook,bbbp,scaffold,classification,roc_auc,5,0.679,0.0114,0.6648,0.6931,0.0142,"[0.6948, 0.6827, 0.6801, 0.673, 0.6641]",optuna_tuned:best_config.json(full_model_sibling),0.679,0.0114
gcn_no_3d_infonce_codebook,bace,scaffold,classification,roc_auc,5,0.8193,0.0099,0.807,0.8316,0.0123,"[0.8285, 0.8241, 0.821, 0.8203, 0.8025]",optuna_tuned:best_config.json(full_model_sibling),0.8193,0.0099
gcn_no_3d_infonce_codebook,sider,scaffold,classification,roc_auc,5,0.6244,0.0149,0.6058,0.6429,0.0185,"[0.6397, 0.6337, 0.6282, 0.6187, 0.6015]",optuna_tuned:best_config.json(full_model_sibling),0.6244,0.0149
gcn_no_3d_infonce_codebook,clintox,scaffold,classification,roc_auc,5,0.8529,0.0103,0.8402,0.8657,0.0128,"[0.8662, 0.8578, 0.8554, 0.8436, 0.8416]",optuna_tuned:best_config.json(full_model_sibling),0.8529,0.0103
gcn_no_3d_infonce_codebook,toxcast,scaffold,classification,roc_auc,5,0.6538,0.0076,0.6443,0.6632,0.0095,"[0.6627, 0.6573, 0.6573, 0.6471, 0.6446]",optuna_tuned:best_config.json(full_model_sibling),0.6538,0.0076
gcn_no_3d_infonce_codebook,hiv,scaffold,classification,roc_auc,5,0.7723,0.006,0.7648,0.7797,0.0075,"[0.7784, 0.7782, 0.7708, 0.7695, 0.7644]",optuna_tuned:best_config.json(full_model_sibling),0.7723,0.006
gcn_no_3d_infonce_fp,tox21,scaffold,classification,roc_auc,5,0.7299,0.0074,0.7207,0.739,0.0091,"[0.7359, 0.7336, 0.7333, 0.7291, 0.7175]",optuna_tuned:best_config.json(full_model_sibling),0.7299,0.0074
gcn_no_3d_infonce_fp,bbbp,scaffold,classification,roc_auc,5,0.6269,0.0045,0.6213,0.6326,0.0056,"[0.6332, 0.6296, 0.6261, 0.6241, 0.6217]",optuna_tuned:best_config.json(full_model_sibling),0.6269,0.0045
gcn_no_3d_infonce_fp,bace,scaffold,classification,roc_auc,5,0.7907,0.0157,0.7712,0.8102,0.0195,"[0.8049, 0.8047, 0.7889, 0.7882, 0.7667]",optuna_tuned:best_config.json(full_model_sibling),0.7907,0.0157
gcn_no_3d_infonce_fp,sider,scaffold,classification,roc_auc,5,0.6321,0.0082,0.6218,0.6423,0.0102,"[0.6442, 0.6342, 0.6331, 0.6254, 0.6235]",optuna_tuned:best_config.json(full_model_sibling),0.6321,0.0082
gcn_no_3d_infonce_fp,clintox,scaffold,classification,roc_auc,5,0.8546,0.0087,0.8438,0.8654,0.0108,"[0.8662, 0.8564, 0.8553, 0.8535, 0.8418]",optuna_tuned:best_config.json(full_model_sibling),0.8546,0.0087
gcn_no_3d_infonce_fp,toxcast,scaffold,classification,roc_auc,5,0.5883,0.0031,0.5845,0.5921,0.0038,"[0.5924, 0.5898, 0.5884, 0.5865, 0.5843]",optuna_tuned:best_config.json(full_model_sibling),0.5883,0.0031
gcn_no_3d_infonce_fp,hiv,scaffold,classification,roc_auc,5,0.7521,0.0184,0.7294,0.7749,0.0228,"[0.7725, 0.7608, 0.7584, 0.7445, 0.7245]",optuna_tuned:best_config.json(full_model_sibling),0.7521,0.0184
gcn_no_3d_codebook_fp,tox21,scaffold,classification,roc_auc,5,0.7322,0.0051,0.7258,0.7385,0.0064,"[0.7393, 0.7342, 0.7326, 0.7282, 0.7264]",optuna_tuned:best_config.json(full_model_sibling),0.7322,0.0051
gcn_no_3d_codebook_fp,bbbp,scaffold,classification,roc_auc,5,0.6215,0.0058,0.6142,0.6287,0.0072,"[0.6261, 0.6252, 0.6225, 0.622, 0.6115]",optuna_tuned:best_config.json(full_model_sibling),0.6215,0.0058
gcn_no_3d_codebook_fp,bace,scaffold,classification,roc_auc,5,0.782,0.0089,0.7709,0.7931,0.0111,"[0.7902, 0.7871, 0.785, 0.7801, 0.7674]",optuna_tuned:best_config.json(full_model_sibling),0.782,0.0089
gcn_no_3d_codebook_fp,sider,scaffold,classification,roc_auc,5,0.62,0.0036,0.6155,0.6245,0.0045,"[0.624, 0.6222, 0.6201, 0.6191, 0.6145]",optuna_tuned:best_config.json(full_model_sibling),0.62,0.0036
gcn_no_3d_codebook_fp,clintox,scaffold,classification,roc_auc,5,0.8269,0.0124,0.8115,0.8422,0.0153,"[0.8401, 0.8371, 0.8247, 0.8234, 0.8091]",optuna_tuned:best_config.json(full_model_sibling),0.8269,0.0124
gcn_no_3d_codebook_fp,toxcast,scaffold,classification,roc_auc,5,0.6035,0.0029,0.5999,0.607,0.0035,"[0.6063, 0.6061, 0.6031, 0.6023, 0.5994]",optuna_tuned:best_config.json(full_model_sibling),0.6035,0.0029
gcn_no_3d_codebook_fp,hiv,scaffold,classification,roc_auc,5,0.7306,0.0159,0.7109,0.7503,0.0197,"[0.7504, 0.7379, 0.7344, 0.7211, 0.7092]",optuna_tuned:best_config.json(full_model_sibling),0.7306,0.0159
gcn_no_infonce_codebook_fp,tox21,scaffold,classification,roc_auc,5,0.743,0.0012,0.7416,0.7445,0.0015,"[0.7446, 0.744, 0.7423, 0.7421, 0.7421]",optuna_tuned:best_config.json(full_model_sibling),0.743,0.0012
gcn_no_infonce_codebook_fp,bbbp,scaffold,classification,roc_auc,5,0.6565,0.0084,0.646,0.6669,0.0104,"[0.6702, 0.6585, 0.6531, 0.6519, 0.6488]",optuna_tuned:best_config.json(full_model_sibling),0.6565,0.0084
gcn_no_infonce_codebook_fp,bace,scaffold,classification,roc_auc,5,0.8013,0.0057,0.7943,0.8084,0.0071,"[0.8085, 0.8051, 0.8013, 0.7973, 0.7945]",optuna_tuned:best_config.json(full_model_sibling),0.8013,0.0057
gcn_no_infonce_codebook_fp,sider,scaffold,classification,roc_auc,5,0.6381,0.0092,0.6267,0.6495,0.0114,"[0.6487, 0.6432, 0.6416, 0.6287, 0.6282]",optuna_tuned:best_config.json(full_model_sibling),0.6381,0.0092
gcn_no_infonce_codebook_fp,clintox,scaffold,classification,roc_auc,5,0.8851,0.0057,0.8781,0.8922,0.0071,"[0.8917, 0.8883, 0.8874, 0.8793, 0.879]",optuna_tuned:best_config.json(full_model_sibling),0.8851,0.0057
gcn_no_infonce_codebook_fp,toxcast,scaffold,classification,roc_auc,5,0.6258,0.0028,0.6224,0.6293,0.0035,"[0.6296, 0.6271, 0.6264, 0.6233, 0.6228]",optuna_tuned:best_config.json(full_model_sibling),0.6258,0.0028
gcn_no_infonce_codebook_fp,hiv,scaffold,classification,roc_auc,5,0.74,0.0184,0.7172,0.7628,0.0228,"[0.7614, 0.7467, 0.7435, 0.7373, 0.7112]",optuna_tuned:best_config.json(full_model_sibling),0.74,0.0184
gcn_no_3d_infonce_codebook_fp,tox21,scaffold,classification,roc_auc,5,0.7337,0.005,0.7275,0.7399,0.0062,"[0.739, 0.7371, 0.7354, 0.7296, 0.7273]",optuna_tuned:best_config.json(full_model_sibling),0.7337,0.005
gcn_no_3d_infonce_codebook_fp,bbbp,scaffold,classification,roc_auc,5,0.6182,0.0072,0.6093,0.6271,0.0089,"[0.6245, 0.623, 0.6228, 0.6113, 0.6096]",optuna_tuned:best_config.json(full_model_sibling),0.6182,0.0072
gcn_no_3d_infonce_codebook_fp,bace,scaffold,classification,roc_auc,5,0.7817,0.0103,0.7689,0.7945,0.0128,"[0.7913, 0.7881, 0.7878, 0.7731, 0.7683]",optuna_tuned:best_config.json(full_model_sibling),0.7817,0.0103
gcn_no_3d_infonce_codebook_fp,sider,scaffold,classification,roc_auc,5,0.6202,0.0035,0.6159,0.6245,0.0043,"[0.6251, 0.6205, 0.6201, 0.6199, 0.6153]",optuna_tuned:best_config.json(full_model_sibling),0.6202,0.0035
gcn_no_3d_infonce_codebook_fp,clintox,scaffold,classification,roc_auc,5,0.8309,0.0123,0.8156,0.8462,0.0153,"[0.8512, 0.8325, 0.8272, 0.8243, 0.8192]",optuna_tuned:best_config.json(full_model_sibling),0.8309,0.0123
gcn_no_3d_infonce_codebook_fp,toxcast,scaffold,classification,roc_auc,5,0.6039,0.0033,0.5998,0.608,0.0041,"[0.607, 0.6064, 0.6047, 0.6025, 0.5989]",optuna_tuned:best_config.json(full_model_sibling),0.6039,0.0033
gcn_no_3d_infonce_codebook_fp,hiv,scaffold,classification,roc_auc,5,0.7342,0.0119,0.7194,0.7489,0.0147,"[0.7473, 0.7463, 0.7281, 0.7281, 0.7211]",optuna_tuned:best_config.json(full_model_sibling),0.7342,0.0119
gine_full_model,tox21,scaffold,classification,roc_auc,5,0.7518,0.0062,0.7441,0.7595,0.0077,"[0.7572, 0.7571, 0.7539, 0.7478, 0.7431]",optuna_tuned:best_config.json,0.7518,0.0062
gine_full_model,bbbp,scaffold,classification,roc_auc,5,0.7405,0.0126,0.7249,0.7561,0.0156,"[0.7562, 0.7509, 0.7355, 0.734, 0.7259]",optuna_tuned:best_config.json,0.7405,0.0126
gine_full_model,bace,scaffold,classification,roc_auc,5,0.7915,0.0098,0.7793,0.8037,0.0122,"[0.8013, 0.7991, 0.7931, 0.787, 0.777]",optuna_tuned:best_config.json,0.7915,0.0098
gine_full_model,sider,scaffold,classification,roc_auc,5,0.5915,0.0098,0.5794,0.6036,0.0121,"[0.6053, 0.5975, 0.5869, 0.5869, 0.581]",optuna_tuned:best_config.json,0.5915,0.0098
gine_full_model,clintox,scaffold,classification,roc_auc,5,0.8162,0.0159,0.7965,0.8359,0.0197,"[0.8317, 0.8291, 0.8215, 0.8014, 0.7974]",optuna_tuned:best_config.json,0.8162,0.0159
gine_full_model,toxcast,scaffold,classification,roc_auc,5,0.633,0.0066,0.6248,0.6412,0.0082,"[0.6384, 0.6371, 0.6353, 0.6325, 0.6219]",optuna_tuned:best_config.json,0.633,0.0066
gine_full_model,hiv,scaffold,classification,roc_auc,5,0.7684,0.0041,0.7632,0.7735,0.0051,"[0.7722, 0.7705, 0.7704, 0.7669, 0.7618]",optuna_tuned:best_config.json,0.7684,0.0041
gine_no_3d,tox21,scaffold,classification,roc_auc,5,0.7437,0.0045,0.738,0.7493,0.0056,"[0.7502, 0.7446, 0.7443, 0.7417, 0.7377]",optuna_tuned:best_config.json(full_model_sibling),0.7437,0.0045
gine_no_3d,bbbp,scaffold,classification,roc_auc,5,0.7381,0.0074,0.7289,0.7473,0.0092,"[0.7474, 0.7431, 0.7373, 0.7338, 0.7288]",optuna_tuned:best_config.json(full_model_sibling),0.7381,0.0074
gine_no_3d,bace,scaffold,classification,roc_auc,5,0.805,0.0291,0.7689,0.8412,0.0362,"[0.8409, 0.8188, 0.8125, 0.787, 0.7659]",optuna_tuned:best_config.json(full_model_sibling),0.805,0.0291
gine_no_3d,sider,scaffold,classification,roc_auc,5,0.5806,0.0183,0.558,0.6033,0.0227,"[0.6033, 0.5977, 0.5686, 0.5668, 0.5667]",optuna_tuned:best_config.json(full_model_sibling),0.5806,0.0183
gine_no_3d,clintox,scaffold,classification,roc_auc,5,0.7886,0.0237,0.7592,0.8181,0.0295,"[0.8067, 0.8056, 0.793, 0.7896, 0.7484]",optuna_tuned:best_config.json(full_model_sibling),0.7886,0.0237
gine_no_3d,toxcast,scaffold,classification,roc_auc,5,0.6282,0.0074,0.619,0.6374,0.0092,"[0.6356, 0.6312, 0.6303, 0.6279, 0.6159]",optuna_tuned:best_config.json(full_model_sibling),0.6282,0.0074
gine_no_3d,hiv,scaffold,classification,roc_auc,5,0.7567,0.0133,0.7401,0.7732,0.0166,"[0.7674, 0.767, 0.7639, 0.7468, 0.7383]",optuna_tuned:best_config.json(full_model_sibling),0.7567,0.0133
gine_no_infonce,tox21,scaffold,classification,roc_auc,5,0.7454,0.0092,0.734,0.7569,0.0115,"[0.757, 0.7506, 0.7443, 0.743, 0.7323]",optuna_tuned:best_config.json(full_model_sibling),0.7454,0.0092
gine_no_infonce,bbbp,scaffold,classification,roc_auc,5,0.7393,0.0047,0.7334,0.7452,0.0059,"[0.7454, 0.7418, 0.7398, 0.7362, 0.7332]",optuna_tuned:best_config.json(full_model_sibling),0.7393,0.0047
gine_no_infonce,bace,scaffold,classification,roc_auc,5,0.7875,0.0055,0.7807,0.7944,0.0068,"[0.7962, 0.7886, 0.7868, 0.7846, 0.7815]",optuna_tuned:best_config.json(full_model_sibling),0.7875,0.0055
gine_no_infonce,sider,scaffold,classification,roc_auc,5,0.5831,0.0181,0.5606,0.6055,0.0225,"[0.6058, 0.594, 0.5809, 0.5765, 0.5581]",optuna_tuned:best_config.json(full_model_sibling),0.5831,0.0181
gine_no_infonce,clintox,scaffold,classification,roc_auc,5,0.7968,0.0591,0.7234,0.8701,0.0733,"[0.8377, 0.8358, 0.8291, 0.7819, 0.6993]",optuna_tuned:best_config.json(full_model_sibling),0.7968,0.0591
gine_no_infonce,toxcast,scaffold,classification,roc_auc,5,0.631,0.0074,0.6219,0.6402,0.0091,"[0.6399, 0.6376, 0.628, 0.627, 0.6227]",optuna_tuned:best_config.json(full_model_sibling),0.631,0.0074
gine_no_infonce,hiv,scaffold,classification,roc_auc,5,0.7722,0.0144,0.7543,0.7901,0.0179,"[0.7934, 0.7797, 0.7677, 0.7626, 0.7576]",optuna_tuned:best_config.json(full_model_sibling),0.7722,0.0144
gine_no_codebook,tox21,scaffold,classification,roc_auc,5,0.7513,0.0071,0.7425,0.7601,0.0088,"[0.7598, 0.7539, 0.7529, 0.7496, 0.7405]",optuna_tuned:best_config.json(full_model_sibling),0.7513,0.0071
gine_no_codebook,bbbp,scaffold,classification,roc_auc,5,0.7375,0.0166,0.7169,0.7581,0.0206,"[0.7644, 0.7402, 0.7342, 0.7278, 0.7212]",optuna_tuned:best_config.json(full_model_sibling),0.7375,0.0166
gine_no_codebook,bace,scaffold,classification,roc_auc,5,0.8207,0.0066,0.8126,0.8289,0.0082,"[0.827, 0.8244, 0.8231, 0.819, 0.8101]",optuna_tuned:best_config.json(full_model_sibling),0.8207,0.0066
gine_no_codebook,sider,scaffold,classification,roc_auc,5,0.6137,0.016,0.5938,0.6336,0.0199,"[0.6312, 0.6229, 0.6187, 0.6051, 0.5905]",optuna_tuned:best_config.json(full_model_sibling),0.6137,0.016
gine_no_codebook,clintox,scaffold,classification,roc_auc,5,0.8309,0.0173,0.8094,0.8524,0.0215,"[0.8489, 0.8401, 0.8378, 0.8226, 0.805]",optuna_tuned:best_config.json(full_model_sibling),0.8309,0.0173
gine_no_codebook,toxcast,scaffold,classification,roc_auc,5,0.6443,0.0037,0.6397,0.6489,0.0046,"[0.6483, 0.6466, 0.6455, 0.6419, 0.6392]",optuna_tuned:best_config.json(full_model_sibling),0.6443,0.0037
gine_no_codebook,hiv,scaffold,classification,roc_auc,5,0.7693,0.0131,0.753,0.7856,0.0163,"[0.792, 0.7669, 0.7654, 0.7638, 0.7584]",optuna_tuned:best_config.json(full_model_sibling),0.7693,0.0131
gine_no_fp,tox21,scaffold,classification,roc_auc,4,0.7398,0.0055,0.7311,0.7485,0.0087,"[0.7479, 0.7384, 0.7367, 0.7362]",optuna_tuned:best_config.json(full_model_sibling),0.7398,0.0055
gine_no_fp,bbbp,scaffold,classification,roc_auc,5,0.6951,0.0177,0.6731,0.7171,0.022,"[0.716, 0.7098, 0.6936, 0.6816, 0.6746]",optuna_tuned:best_config.json(full_model_sibling),0.6951,0.0177
gine_no_fp,bace,scaffold,classification,roc_auc,5,0.7819,0.009,0.7707,0.793,0.0111,"[0.79, 0.7873, 0.7861, 0.7781, 0.7679]",optuna_tuned:best_config.json(full_model_sibling),0.7819,0.009
gine_no_fp,sider,scaffold,classification,roc_auc,5,0.6046,0.0212,0.5783,0.6309,0.0263,"[0.6356, 0.6079, 0.6058, 0.5966, 0.5771]",optuna_tuned:best_config.json(full_model_sibling),0.6046,0.0212
gine_no_fp,clintox,scaffold,classification,roc_auc,5,0.8071,0.0429,0.7538,0.8605,0.0533,"[0.8497, 0.8379, 0.8139, 0.7931, 0.741]",optuna_tuned:best_config.json(full_model_sibling),0.8071,0.0429
gine_no_fp,toxcast,scaffold,classification,roc_auc,3,0.6284,0.0064,0.6125,0.6443,0.0159,"[0.6344, 0.629, 0.6216]",optuna_tuned:best_config.json(full_model_sibling),0.6284,0.0064
gine_no_fp,hiv,scaffold,classification,roc_auc,3,0.7507,0.0108,0.7239,0.7775,0.0268,"[0.7618, 0.75, 0.7402]",optuna_tuned:best_config.json(full_model_sibling),0.7507,0.0108
gine_no_3d_infonce,tox21,scaffold,classification,roc_auc,3,0.7519,0.0023,0.7463,0.7576,0.0056,"[0.7537, 0.7528, 0.7494]",optuna_tuned:best_config.json(full_model_sibling),0.7519,0.0023
gine_no_3d_infonce,bbbp,scaffold,classification,roc_auc,3,0.733,0.0167,0.6916,0.7744,0.0414,"[0.752, 0.7261, 0.7209]",optuna_tuned:best_config.json(full_model_sibling),0.733,0.0167
gine_no_3d_infonce,bace,scaffold,classification,roc_auc,3,0.8248,0.0119,0.7951,0.8544,0.0297,"[0.8344, 0.8284, 0.8114]",optuna_tuned:best_config.json(full_model_sibling),0.8248,0.0119
gine_no_3d_infonce,sider,scaffold,classification,roc_auc,3,0.585,0.0247,0.5236,0.6463,0.0613,"[0.61, 0.5842, 0.5607]",optuna_tuned:best_config.json(full_model_sibling),0.585,0.0247
gine_no_3d_infonce,clintox,scaffold,classification,roc_auc,4,0.7714,0.0127,0.7512,0.7916,0.0202,"[0.7874, 0.7718, 0.7701, 0.7563]",optuna_tuned:best_config.json(full_model_sibling),0.7714,0.0127
gine_no_3d_infonce,toxcast,scaffold,classification,roc_auc,3,0.6297,0.0092,0.6068,0.6525,0.0229,"[0.6403, 0.6246, 0.6241]",optuna_tuned:best_config.json(full_model_sibling),0.6297,0.0092
gine_no_3d_infonce,hiv,scaffold,classification,roc_auc,1,0.7628,0.0,0.7628,0.7628,0.0,[0.7628],optuna_tuned:best_config.json(full_model_sibling),0.7628,0.0
gine_no_3d_codebook,tox21,scaffold,classification,roc_auc,2,0.7418,0.0114,0.6398,0.8438,0.102,"[0.7498, 0.7338]",optuna_tuned:best_config.json(full_model_sibling),0.7418,0.0114
gine_no_3d_codebook,bbbp,scaffold,classification,roc_auc,1,0.7131,0.0,0.7131,0.7131,0.0,[0.7131],optuna_tuned:best_config.json(full_model_sibling),0.7131,0.0
gine_no_3d_codebook,bace,scaffold,classification,roc_auc,2,0.8306,0.0145,0.6999,0.9612,0.1306,"[0.8409, 0.8203]",optuna_tuned:best_config.json(full_model_sibling),0.8306,0.0145
gine_no_3d_codebook,sider,scaffold,classification,roc_auc,1,0.5933,0.0,0.5933,0.5933,0.0,[0.5933],optuna_tuned:best_config.json(full_model_sibling),0.5933,0.0
gine_no_3d_codebook,clintox,scaffold,classification,roc_auc,2,0.8306,0.0168,0.6798,0.9814,0.1508,"[0.8425, 0.8187]",optuna_tuned:best_config.json(full_model_sibling),0.8306,0.0168
gine_no_3d_codebook,toxcast,scaffold,classification,roc_auc,1,0.6357,0.0,0.6357,0.6357,0.0,[0.6357],optuna_tuned:best_config.json(full_model_sibling),0.6357,0.0
gine_no_3d_codebook,hiv,scaffold,classification,roc_auc,1,0.7741,0.0,0.7741,0.7741,0.0,[0.7741],optuna_tuned:best_config.json(full_model_sibling),0.7741,0.0
gine_no_3d_fp,tox21,scaffold,classification,roc_auc,2,0.734,0.0037,0.7012,0.7669,0.0328,"[0.7366, 0.7314]",optuna_tuned:best_config.json(full_model_sibling),0.734,0.0037
gine_no_3d_fp,bbbp,scaffold,classification,roc_auc,1,0.6697,0.0,0.6697,0.6697,0.0,[0.6697],optuna_tuned:best_config.json(full_model_sibling),0.6697,0.0
gine_no_3d_fp,bace,scaffold,classification,roc_auc,2,0.7625,0.0143,0.6336,0.8914,0.1289,"[0.7726, 0.7524]",optuna_tuned:best_config.json(full_model_sibling),0.7625,0.0143
gine_no_3d_fp,sider,scaffold,classification,roc_auc,1,0.6123,0.0,0.6123,0.6123,0.0,[0.6123],optuna_tuned:best_config.json(full_model_sibling),0.6123,0.0
gine_no_3d_fp,clintox,scaffold,classification,roc_auc,2,0.7856,0.0113,0.684,0.8873,0.1016,"[0.7936, 0.7776]",optuna_tuned:best_config.json(full_model_sibling),0.7856,0.0113
gine_no_3d_fp,toxcast,scaffold,classification,roc_auc,1,0.611,0.0,0.611,0.611,0.0,[0.611],optuna_tuned:best_config.json(full_model_sibling),0.611,0.0
gine_no_3d_fp,hiv,scaffold,classification,roc_auc,1,0.7423,0.0,0.7423,0.7423,0.0,[0.7423],optuna_tuned:best_config.json(full_model_sibling),0.7423,0.0
gine_no_infonce_codebook,tox21,scaffold,classification,roc_auc,2,0.7531,0.0068,0.6916,0.8147,0.0615,"[0.758, 0.7483]",optuna_tuned:best_config.json(full_model_sibling),0.7531,0.0068
gine_no_infonce_codebook,bbbp,scaffold,classification,roc_auc,1,0.7048,0.0,0.7048,0.7048,0.0,[0.7048],optuna_tuned:best_config.json(full_model_sibling),0.7048,0.0
gine_no_infonce_codebook,bace,scaffold,classification,roc_auc,2,0.8353,0.006,0.7818,0.8888,0.0535,"[0.8395, 0.8311]",optuna_tuned:best_config.json(full_model_sibling),0.8353,0.006
gine_no_infonce_codebook,sider,scaffold,classification,roc_auc,1,0.5992,0.0,0.5992,0.5992,0.0,[0.5992],optuna_tuned:best_config.json(full_model_sibling),0.5992,0.0
gine_no_infonce_codebook,clintox,scaffold,classification,roc_auc,2,0.8359,0.0112,0.7353,0.9366,0.1007,"[0.8438, 0.828]",optuna_tuned:best_config.json(full_model_sibling),0.8359,0.0112
gine_no_infonce_codebook,toxcast,scaffold,classification,roc_auc,1,0.6385,0.0,0.6385,0.6385,0.0,[0.6385],optuna_tuned:best_config.json(full_model_sibling),0.6385,0.0
